time,x,y,z
0,0.033,-0.164,-1.033
0.01,0.038,-0.168,-1.026
0.02,0.038,-0.166,-1.009
0.03,0.033,-0.17,-0.98
0.04,0.025,-0.177,-0.951
0.05,0.017,-0.184,-0.927
0.061,0.018,-0.189,-0.915
0.071,0.021,-0.192,-0.922
0.081,0.016,-0.192,-0.942
0.091,0.011,-0.19,-0.969
0.101,0.007,-0.19,-0.983
0.111,0.005,-0.189,-0.986
0.121,0.01,-0.185,-0.977
0.131,0.016,-0.181,-0.969
0.141,0.024,-0.176,-0.966
0.151,0.024,-0.176,-0.965
0.161,0.016,-0.183,-0.965
0.171,0.005,-0.195,-0.959
0.181,-0.006,-0.208,-0.949
0.191,-0.011,-0.214,-0.941
0.201,-0.01,-0.209,-0.932
0.212,-0.01,-0.199,-0.934
0.222,-0.011,-0.189,-0.948
0.232,-0.01,-0.18,-0.972
0.242,-0.006,-0.176,-0.992
0.252,-0.005,-0.178,-0.992
0.262,-0.01,-0.19,-0.977
0.272,-0.015,-0.208,-0.953
0.282,-0.024,-0.223,-0.925
0.292,-0.031,-0.236,-0.901
0.302,-0.034,-0.243,-0.89
0.312,-0.035,-0.245,-0.885
0.322,-0.037,-0.245,-0.889
0.332,-0.036,-0.249,-0.899
0.342,-0.04,-0.252,-0.919
0.353,-0.055,-0.251,-0.936
0.362,-0.073,-0.253,-0.947
0.373,-0.093,-0.256,-0.951
0.383,-0.111,-0.254,-0.94
0.393,-0.116,-0.252,-0.932
0.403,-0.112,-0.25,-0.933
0.413,-0.094,-0.242,-0.948
0.423,-0.069,-0.223,-0.971
0.433,-0.05,-0.202,-0.998
0.443,-0.042,-0.195,-1.022
0.453,-0.047,-0.203,-1.027
0.463,-0.057,-0.219,-1.015
0.473,-0.063,-0.234,-0.991
0.483,-0.069,-0.245,-0.958
0.493,-0.064,-0.256,-0.937
0.503,-0.051,-0.259,-0.929
0.514,-0.039,-0.255,-0.926
0.524,-0.026,-0.247,-0.931
0.534,-0.015,-0.244,-0.942
0.544,-0.018,-0.244,-0.95
0.554,-0.028,-0.247,-0.948
0.564,-0.036,-0.255,-0.933
0.574,-0.036,-0.262,-0.915
0.584,-0.023,-0.264,-0.913
0.594,-0.008,-0.258,-0.926
0.604,0.005,-0.244,-0.939
0.614,0.018,-0.226,-0.94
0.624,0.025,-0.218,-0.936
0.634,0.029,-0.219,-0.931
0.644,0.03,-0.222,-0.928
0.655,0.027,-0.224,-0.928
0.665,0.035,-0.222,-0.93
0.675,0.04,-0.228,-0.934
0.685,0.032,-0.241,-0.937
0.695,0.015,-0.256,-0.933
0.705,-0.003,-0.27,-0.939
0.715,-0.023,-0.279,-0.957
0.725,-0.047,-0.276,-0.993
0.735,-0.073,-0.26,-1.065
0.745,-0.09,-0.232,-1.143
0.755,-0.095,-0.199,-1.207
0.765,-0.084,-0.166,-1.241
0.775,-0.054,-0.144,-1.228
0.785,-0.004,-0.141,-1.169
0.796,0.049,-0.148,-1.098
0.806,0.084,-0.158,-1.042
0.816,0.106,-0.171,-1.007
0.826,0.11,-0.175,-0.995
0.836,0.095,-0.168,-1.006
0.846,0.073,-0.152,-1.038
0.856,0.056,-0.14,-1.066
0.866,0.053,-0.14,-1.07
0.876,0.063,-0.15,-1.043
0.886,0.075,-0.162,-1.002
0.896,0.087,-0.174,-0.949
0.906,0.095,-0.187,-0.895
0.916,0.098,-0.201,-0.852
0.926,0.102,-0.21,-0.829
0.936,0.101,-0.211,-0.832
0.946,0.092,-0.203,-0.855
0.957,0.073,-0.187,-0.894
0.967,0.052,-0.173,-0.935
0.977,0.032,-0.166,-0.971
0.987,0.02,-0.165,-0.997
0.997,0.017,-0.169,-1.003
1.007,0.01,-0.176,-0.99
1.017,-0.002,-0.182,-0.959
1.027,-0.004,-0.187,-0.922
1.037,0.014,-0.188,-0.89
1.047,0.039,-0.179,-0.863
1.057,0.052,-0.171,-0.843
1.067,0.047,-0.173,-0.829
1.078,0.025,-0.187,-0.824
1.087,-0.002,-0.204,-0.819
1.098,-0.032,-0.223,-0.817
1.107,-0.05,-0.238,-0.819
1.118,-0.052,-0.242,-0.815
1.128,-0.044,-0.237,-0.802
1.138,-0.029,-0.233,-0.788
1.148,-0.012,-0.226,-0.786
1.158,0.002,-0.213,-0.791
1.168,0.006,-0.204,-0.802
1.178,0.007,-0.204,-0.827
1.188,0.007,-0.211,-0.842
1.198,0.011,-0.218,-0.832
1.208,0.026,-0.224,-0.801
1.218,0.036,-0.226,-0.764
1.228,0.04,-0.229,-0.741
1.239,0.043,-0.227,-0.746
1.249,0.039,-0.218,-0.779
1.259,0.031,-0.205,-0.825
1.268,0.022,-0.199,-0.861
1.279,0.012,-0.211,-0.88
1.289,0,-0.234,-0.869
1.299,-0.012,-0.258,-0.832
1.309,-0.021,-0.278,-0.787
1.319,-0.026,-0.295,-0.757
1.329,-0.027,-0.307,-0.76
1.339,-0.032,-0.306,-0.804
1.349,-0.039,-0.288,-0.879
1.359,-0.036,-0.254,-0.956
1.369,-0.022,-0.223,-1.011
1.379,0.006,-0.202,-1.048
1.389,0.031,-0.192,-1.048
1.399,0.048,-0.199,-0.992
1.41,0.063,-0.227,-0.92
1.42,0.074,-0.258,-0.868
1.43,0.082,-0.278,-0.861
1.44,0.088,-0.286,-0.912
1.45,0.079,-0.27,-0.993
1.46,0.065,-0.243,-1.074
1.47,0.065,-0.222,-1.145
1.48,0.064,-0.213,-1.185
1.49,0.031,-0.204,-1.2
1.5,-0.028,-0.19,-1.225
1.51,-0.079,-0.182,-1.315
1.52,-0.109,-0.157,-1.451
1.53,-0.127,-0.103,-1.565
1.54,-0.14,-0.045,-1.611
1.55,-0.132,-0.017,-1.587
1.561,-0.092,-0.03,-1.499
1.571,-0.037,-0.073,-1.363
1.581,0.003,-0.112,-1.2
1.591,0.024,-0.151,-1.026
1.601,0.035,-0.205,-0.861
1.611,0.026,-0.269,-0.721
1.621,0,-0.333,-0.631
1.631,-0.036,-0.379,-0.615
1.641,-0.083,-0.394,-0.685
1.651,-0.127,-0.369,-0.802
1.661,-0.154,-0.328,-0.923
1.671,-0.169,-0.286,-1.046
1.681,-0.165,-0.244,-1.155
1.691,-0.14,-0.21,-1.228
1.702,-0.105,-0.178,-1.247
1.712,-0.067,-0.158,-1.202
1.722,-0.033,-0.153,-1.114
1.732,-0.009,-0.156,-1.008
1.742,0.015,-0.163,-0.91
1.752,0.042,-0.176,-0.829
1.762,0.063,-0.181,-0.768
1.772,0.071,-0.18,-0.731
1.782,0.069,-0.183,-0.719
1.792,0.056,-0.186,-0.728
1.802,0.031,-0.188,-0.753
1.812,0.009,-0.191,-0.78
1.822,-0.008,-0.192,-0.801
1.832,-0.023,-0.19,-0.81
1.842,-0.033,-0.184,-0.814
1.852,-0.034,-0.176,-0.82
1.863,-0.034,-0.169,-0.816
1.873,-0.03,-0.165,-0.804
1.883,-0.016,-0.163,-0.799
1.893,0.001,-0.159,-0.786
1.903,0.01,-0.155,-0.764
1.913,0.017,-0.158,-0.744
1.923,0.022,-0.166,-0.74
1.933,0.013,-0.172,-0.753
1.943,-0.015,-0.181,-0.772
1.953,-0.044,-0.194,-0.785
1.963,-0.061,-0.209,-0.785
1.973,-0.062,-0.222,-0.785
1.984,-0.054,-0.226,-0.794
1.994,-0.038,-0.219,-0.814
2.004,-0.023,-0.215,-0.849
2.014,-0.014,-0.214,-0.897
2.024,-0.017,-0.215,-0.952
2.034,-0.015,-0.221,-1.007
2.044,-0.005,-0.227,-1.053
2.054,0.008,-0.23,-1.09
2.064,0.03,-0.225,-1.124
2.074,0.04,-0.206,-1.151
2.084,0.032,-0.185,-1.176
2.094,0.006,-0.171,-1.208
2.104,-0.025,-0.168,-1.25
2.114,-0.034,-0.171,-1.289
2.124,-0.007,-0.173,-1.282
2.134,0.048,-0.173,-1.218
2.145,0.109,-0.179,-1.146
2.155,0.149,-0.185,-1.079
2.165,0.162,-0.184,-1.036
2.175,0.147,-0.176,-1.059
2.185,0.11,-0.158,-1.158
2.195,0.06,-0.134,-1.294
2.205,0.018,-0.116,-1.412
2.215,-0.014,-0.102,-1.48
2.225,-0.024,-0.096,-1.461
2.235,0,-0.112,-1.353
2.245,0.047,-0.148,-1.205
2.255,0.079,-0.174,-1.059
2.265,0.094,-0.193,-0.942
2.275,0.1,-0.211,-0.872
2.286,0.083,-0.218,-0.843
2.295,0.053,-0.213,-0.853
2.306,0.035,-0.204,-0.886
2.316,0.036,-0.191,-0.923
2.326,0.05,-0.175,-0.943
2.336,0.068,-0.165,-0.94
2.346,0.081,-0.158,-0.917
2.356,0.09,-0.156,-0.883
2.366,0.103,-0.159,-0.854
2.376,0.114,-0.162,-0.836
2.386,0.102,-0.169,-0.827
2.396,0.076,-0.179,-0.818
2.406,0.047,-0.191,-0.811
2.416,0.012,-0.207,-0.802
2.427,-0.021,-0.222,-0.791
2.436,-0.045,-0.228,-0.783
2.447,-0.05,-0.223,-0.778
2.457,-0.028,-0.212,-0.782
2.467,0.009,-0.189,-0.792
2.477,0.045,-0.165,-0.793
2.487,0.073,-0.153,-0.786
2.497,0.095,-0.149,-0.781
2.507,0.103,-0.149,-0.774
2.517,0.085,-0.159,-0.769
2.527,0.051,-0.177,-0.773
2.537,0.025,-0.192,-0.783
2.547,0.011,-0.203,-0.803
2.557,0.001,-0.208,-0.821
2.567,-0.001,-0.207,-0.838
2.577,0.006,-0.204,-0.864
2.588,0.013,-0.192,-0.896
2.598,0.009,-0.177,-0.942
2.608,-0.001,-0.155,-0.99
2.618,-0.005,-0.135,-1.034
2.628,-0.001,-0.131,-1.066
2.638,0.007,-0.139,-1.07
2.648,0.022,-0.15,-1.04
2.658,0.042,-0.166,-0.991
2.668,0.058,-0.179,-0.952
2.678,0.065,-0.181,-0.952
2.688,0.06,-0.173,-0.982
2.698,0.039,-0.165,-1.04
2.708,0.01,-0.163,-1.104
2.718,-0.014,-0.165,-1.156
2.728,-0.03,-0.173,-1.188
2.739,-0.049,-0.182,-1.191
2.749,-0.079,-0.196,-1.162
2.759,-0.11,-0.214,-1.13
2.769,-0.136,-0.224,-1.116
2.779,-0.152,-0.215,-1.117
2.789,-0.152,-0.196,-1.136
2.799,-0.123,-0.166,-1.174
2.809,-0.079,-0.131,-1.214
2.819,-0.039,-0.101,-1.234
2.829,-0.005,-0.09,-1.228
2.839,0.025,-0.097,-1.198
2.849,0.041,-0.122,-1.146
2.859,0.034,-0.157,-1.089
2.869,0.017,-0.19,-1.04
2.879,0,-0.219,-1.008
2.889,-0.006,-0.241,-0.992
2.899,-0.013,-0.253,-0.994
2.91,-0.02,-0.249,-1.014
2.92,-0.025,-0.237,-1.055
2.93,-0.031,-0.224,-1.104
2.94,-0.042,-0.211,-1.133
2.95,-0.048,-0.202,-1.135
2.96,-0.039,-0.196,-1.101
2.97,-0.02,-0.196,-1.046
2.98,-0.011,-0.198,-0.983
2.99,-0.017,-0.199,-0.921
3,-0.019,-0.2,-0.863
3.01,-0.008,-0.202,-0.826
3.02,0.006,-0.199,-0.817
3.031,0.014,-0.186,-0.82
3.04,0.018,-0.171,-0.827
3.051,0.021,-0.162,-0.828
3.061,0.012,-0.161,-0.822
3.071,0,-0.167,-0.808
3.081,-0.009,-0.173,-0.793
3.091,-0.014,-0.176,-0.781
3.101,-0.015,-0.176,-0.764
3.111,-0.01,-0.174,-0.757
3.121,-0.005,-0.171,-0.759
3.131,-0.003,-0.165,-0.767
3.141,-0.006,-0.162,-0.775
3.151,-0.008,-0.159,-0.786
3.161,-0.009,-0.159,-0.811
3.172,-0.019,-0.155,-0.837
3.182,-0.03,-0.156,-0.854
3.192,-0.025,-0.159,-0.874
3.202,-0.015,-0.156,-0.886
3.212,-0.007,-0.151,-0.874
3.222,-0.003,-0.154,-0.851
3.232,-0.004,-0.165,-0.831
3.242,-0.006,-0.181,-0.823
3.252,-0.006,-0.202,-0.837
3.262,-0.018,-0.216,-0.881
3.272,-0.029,-0.216,-0.953
3.282,-0.011,-0.223,-1.052
3.292,0.016,-0.231,-1.147
3.302,0.029,-0.228,-1.199
3.312,0.028,-0.228,-1.206
3.323,0.011,-0.236,-1.213
3.332,-0.024,-0.234,-1.232
3.343,-0.064,-0.218,-1.262
3.353,-0.086,-0.202,-1.304
3.363,-0.083,-0.186,-1.337
3.373,-0.054,-0.169,-1.332
3.383,-0.002,-0.165,-1.294
3.393,0.063,-0.164,-1.227
3.403,0.107,-0.165,-1.137
3.413,0.115,-0.185,-1.048
3.423,0.112,-0.215,-0.978
3.433,0.104,-0.237,-0.93
3.443,0.079,-0.242,-0.912
3.453,0.037,-0.232,-0.917
3.463,-0.002,-0.223,-0.95
3.474,-0.024,-0.215,-1
3.483,-0.033,-0.2,-1.051
3.494,-0.031,-0.178,-1.093
3.503,-0.02,-0.156,-1.113
3.514,-0.002,-0.143,-1.111
3.524,0.022,-0.139,-1.086
3.534,0.044,-0.142,-1.045
3.544,0.052,-0.145,-0.991
3.554,0.054,-0.152,-0.932
3.564,0.064,-0.159,-0.878
3.574,0.074,-0.163,-0.835
3.584,0.084,-0.167,-0.805
3.594,0.09,-0.166,-0.791
3.604,0.084,-0.16,-0.781
3.614,0.075,-0.158,-0.772
3.624,0.066,-0.166,-0.765
3.635,0.05,-0.177,-0.761
3.645,0.033,-0.19,-0.771
3.655,0.02,-0.2,-0.792
3.665,0.01,-0.205,-0.813
3.675,0.006,-0.208,-0.833
3.685,0.012,-0.209,-0.826
3.695,0.027,-0.215,-0.794
3.705,0.048,-0.225,-0.759
3.715,0.059,-0.234,-0.738
3.725,0.053,-0.234,-0.739
3.735,0.038,-0.234,-0.764
3.745,0.028,-0.229,-0.815
3.755,0.025,-0.211,-0.871
3.765,0.022,-0.198,-0.918
3.775,0.013,-0.194,-0.952
3.786,0.005,-0.196,-0.965
3.796,0.008,-0.195,-0.952
3.806,0.011,-0.199,-0.917
3.816,0.021,-0.207,-0.873
3.826,0.041,-0.214,-0.848
3.836,0.064,-0.222,-0.851
3.846,0.08,-0.217,-0.88
3.856,0.093,-0.198,-0.935
3.866,0.112,-0.184,-1.021
3.876,0.126,-0.17,-1.12
3.886,0.117,-0.147,-1.213
3.896,0.092,-0.132,-1.278
3.906,0.052,-0.139,-1.316
3.917,0.007,-0.153,-1.333
3.926,-0.032,-0.155,-1.342
3.937,-0.04,-0.156,-1.347
3.947,-0.015,-0.168,-1.317
3.957,0.01,-0.18,-1.247
3.967,0.021,-0.193,-1.163
3.977,0.003,-0.205,-1.08
3.987,-0.033,-0.203,-1.02
3.997,-0.068,-0.19,-1.011
4.007,-0.093,-0.166,-1.055
4.017,-0.108,-0.145,-1.123
4.027,-0.104,-0.137,-1.177
4.037,-0.082,-0.132,-1.187
4.047,-0.046,-0.134,-1.142
4.058,-0.001,-0.156,-1.057
4.067,0.034,-0.188,-0.958
4.078,0.063,-0.214,-0.872
4.088,0.088,-0.236,-0.824
4.098,0.095,-0.249,-0.814
4.108,0.084,-0.251,-0.84
4.118,0.048,-0.247,-0.894
4.128,0.009,-0.247,-0.95
4.138,-0.028,-0.254,-1.002
4.148,-0.057,-0.261,-1.05
4.158,-0.077,-0.256,-1.091
4.168,-0.098,-0.243,-1.117
4.178,-0.117,-0.227,-1.12
4.188,-0.117,-0.216,-1.09
4.198,-0.099,-0.211,-1.032
4.208,-0.079,-0.213,-0.967
4.219,-0.058,-0.212,-0.916
4.228,-0.04,-0.204,-0.888
4.239,-0.018,-0.194,-0.878
4.249,0.003,-0.183,-0.869
4.259,0.019,-0.172,-0.857
4.269,0.024,-0.167,-0.836
4.279,0.023,-0.172,-0.812
4.289,0.024,-0.184,-0.784
4.299,0.021,-0.191,-0.755
4.309,0.017,-0.196,-0.729
4.319,0.015,-0.202,-0.714
4.329,0.011,-0.21,-0.706
4.339,0.002,-0.217,-0.706
4.349,-0.006,-0.219,-0.725
4.359,-0.018,-0.215,-0.76
4.369,-0.023,-0.206,-0.8
4.38,-0.021,-0.204,-0.836
4.39,-0.017,-0.206,-0.858
4.4,-0.014,-0.21,-0.862
4.41,-0.012,-0.214,-0.853
4.42,-0.013,-0.221,-0.84
4.43,-0.023,-0.224,-0.839
4.44,-0.033,-0.221,-0.848
4.45,-0.042,-0.216,-0.867
4.46,-0.042,-0.21,-0.896
4.47,-0.033,-0.203,-0.925
4.48,-0.02,-0.191,-0.947
4.49,-0.006,-0.18,-0.967
4.5,0.009,-0.173,-0.987
4.51,0.036,-0.179,-1.015
4.52,0.068,-0.201,-1.064
4.531,0.096,-0.222,-1.11
4.541,0.104,-0.237,-1.133
4.551,0.092,-0.247,-1.133
4.561,0.081,-0.251,-1.145
4.571,0.064,-0.241,-1.179
4.581,0.031,-0.227,-1.216
4.591,0.008,-0.225,-1.248
4.601,0.003,-0.226,-1.259
4.611,0.011,-0.224,-1.227
4.621,0.042,-0.231,-1.156
4.631,0.085,-0.245,-1.068
4.641,0.109,-0.25,-0.999
4.651,0.111,-0.247,-0.963
4.661,0.11,-0.236,-0.954
4.671,0.105,-0.217,-0.968
4.682,0.085,-0.197,-0.994
4.692,0.055,-0.18,-1.034
4.702,0.027,-0.168,-1.087
4.712,0.019,-0.154,-1.146
4.722,0.027,-0.134,-1.189
4.732,0.044,-0.119,-1.203
4.742,0.058,-0.117,-1.183
4.752,0.065,-0.126,-1.139
4.762,0.075,-0.144,-1.084
4.772,0.073,-0.161,-1.027
4.782,0.068,-0.176,-0.96
4.792,0.067,-0.195,-0.896
4.802,0.068,-0.209,-0.842
4.812,0.073,-0.216,-0.804
4.823,0.072,-0.223,-0.786
4.832,0.07,-0.225,-0.788
4.843,0.075,-0.226,-0.805
4.853,0.078,-0.226,-0.817
4.863,0.069,-0.229,-0.816
4.873,0.05,-0.241,-0.811
4.883,0.026,-0.256,-0.809
4.893,0.005,-0.258,-0.819
4.903,-0.01,-0.252,-0.837
4.913,-0.008,-0.242,-0.856
4.923,0.007,-0.229,-0.875
4.933,0.027,-0.216,-0.885
4.943,0.044,-0.206,-0.879
4.953,0.053,-0.199,-0.86
4.964,0.06,-0.2,-0.841
4.974,0.062,-0.209,-0.824
4.984,0.048,-0.217,-0.808
4.994,0.037,-0.22,-0.804
5.004,0.034,-0.22,-0.81
5.014,0.028,-0.221,-0.81
5.024,0.014,-0.227,-0.799
5.034,0.002,-0.24,-0.788
5.044,-0.004,-0.252,-0.784
5.054,-0.004,-0.253,-0.797
5.064,0.004,-0.246,-0.825
5.074,0.011,-0.234,-0.858
5.084,0.02,-0.222,-0.894
5.094,0.036,-0.214,-0.923
5.105,0.055,-0.206,-0.939
5.115,0.072,-0.203,-0.949
5.125,0.088,-0.204,-0.964
5.135,0.102,-0.209,-0.985
5.145,0.114,-0.218,-1.006
5.155,0.119,-0.226,-1.03
5.165,0.121,-0.23,-1.058
5.175,0.113,-0.23,-1.087
5.185,0.081,-0.227,-1.109
5.195,0.038,-0.226,-1.126
5.205,0.006,-0.231,-1.136
5.215,-0.016,-0.241,-1.133
5.225,-0.032,-0.252,-1.104
5.235,-0.038,-0.262,-1.064
5.245,-0.029,-0.269,-1.035
5.255,-0.021,-0.264,-1.036
5.266,-0.016,-0.245,-1.091
5.276,-0.002,-0.211,-1.193
5.286,0.011,-0.164,-1.291
5.296,0.012,-0.123,-1.363
5.306,0.01,-0.099,-1.398
5.316,0.006,-0.094,-1.366
5.326,0.006,-0.117,-1.267
5.336,0.008,-0.156,-1.145
5.346,0.011,-0.185,-1.045
5.356,0.011,-0.195,-0.977
5.366,0.026,-0.197,-0.938
5.376,0.051,-0.195,-0.926
5.386,0.068,-0.189,-0.933
5.396,0.07,-0.181,-0.938
5.407,0.064,-0.183,-0.934
5.416,0.046,-0.193,-0.918
5.427,0.016,-0.203,-0.892
5.437,-0.012,-0.219,-0.872
5.447,-0.033,-0.234,-0.856
5.457,-0.053,-0.24,-0.843
5.467,-0.07,-0.235,-0.836
5.477,-0.069,-0.226,-0.848
5.487,-0.059,-0.21,-0.87
5.497,-0.047,-0.184,-0.888
5.507,-0.036,-0.159,-0.899
5.517,-0.021,-0.142,-0.902
5.527,-0.009,-0.128,-0.896
5.537,-0.002,-0.123,-0.883
5.547,0.009,-0.13,-0.852
5.557,0.015,-0.144,-0.807
5.568,0.017,-0.163,-0.756
5.577,0.03,-0.179,-0.703
5.588,0.047,-0.193,-0.664
5.598,0.058,-0.199,-0.642
5.608,0.065,-0.196,-0.649
5.618,0.069,-0.189,-0.697
5.628,0.065,-0.182,-0.77
5.638,0.041,-0.178,-0.844
5.648,0.007,-0.181,-0.911
5.658,-0.022,-0.192,-0.956
5.668,-0.039,-0.203,-0.983
5.678,-0.039,-0.21,-1.005
5.688,-0.023,-0.213,-1.019
5.698,-0.003,-0.211,-1.018
5.709,0.021,-0.208,-0.999
5.719,0.047,-0.209,-0.98
5.729,0.063,-0.217,-0.979
5.739,0.076,-0.228,-1.003
5.749,0.084,-0.231,-1.04
5.759,0.08,-0.222,-1.083
5.769,0.065,-0.211,-1.121
5.779,0.049,-0.204,-1.153
5.789,0.036,-0.207,-1.176
5.799,0.029,-0.215,-1.188
5.809,0.033,-0.233,-1.175
5.819,0.056,-0.257,-1.121
5.829,0.089,-0.278,-1.051
5.839,0.115,-0.292,-0.995
5.85,0.127,-0.297,-0.967
5.859,0.128,-0.288,-0.978
5.87,0.113,-0.267,-1.045
5.88,0.085,-0.234,-1.158
5.89,0.05,-0.195,-1.282
5.9,0.039,-0.166,-1.4
5.91,0.042,-0.144,-1.477
5.92,0.052,-0.123,-1.471
5.93,0.047,-0.118,-1.373
5.94,0.039,-0.148,-1.232
5.95,0.047,-0.179,-1.098
5.96,0.052,-0.196,-0.994
5.97,0.05,-0.2,-0.922
5.98,0.053,-0.204,-0.888
5.99,0.053,-0.203,-0.873
6,0.048,-0.201,-0.872
6.011,0.05,-0.201,-0.876
6.021,0.059,-0.199,-0.884
6.031,0.076,-0.194,-0.899
6.041,0.094,-0.185,-0.915
6.051,0.101,-0.178,-0.92
6.061,0.102,-0.181,-0.913
6.071,0.096,-0.192,-0.89
6.081,0.082,-0.207,-0.865
6.091,0.067,-0.223,-0.844
6.101,0.05,-0.234,-0.822
6.111,0.039,-0.237,-0.804
6.121,0.038,-0.232,-0.798
6.131,0.038,-0.223,-0.803
6.141,0.032,-0.213,-0.817
6.151,0.031,-0.203,-0.829
6.161,0.039,-0.201,-0.835
6.172,0.047,-0.202,-0.823
6.181,0.06,-0.202,-0.791
6.192,0.072,-0.205,-0.754
6.202,0.075,-0.21,-0.724
6.212,0.066,-0.218,-0.705
6.222,0.054,-0.229,-0.7
6.232,0.039,-0.232,-0.717
6.242,0.027,-0.229,-0.747
6.252,0.023,-0.232,-0.772
6.262,0.024,-0.248,-0.786
6.272,0.028,-0.264,-0.79
6.282,0.041,-0.278,-0.786
6.292,0.061,-0.284,-0.786
6.302,0.073,-0.283,-0.795
6.312,0.077,-0.278,-0.819
6.323,0.072,-0.268,-0.869
6.333,0.065,-0.251,-0.941
6.343,0.056,-0.222,-1.023
6.353,0.059,-0.192,-1.114
6.363,0.07,-0.163,-1.204
6.373,0.087,-0.137,-1.264
6.383,0.111,-0.13,-1.267
6.393,0.137,-0.144,-1.209
6.403,0.155,-0.169,-1.131
6.413,0.153,-0.192,-1.08
6.423,0.132,-0.202,-1.064
6.433,0.104,-0.21,-1.074
6.443,0.086,-0.225,-1.097
6.454,0.062,-0.236,-1.117
6.463,0.024,-0.237,-1.122
6.474,-0.016,-0.228,-1.134
6.484,-0.046,-0.216,-1.162
6.494,-0.055,-0.209,-1.187
6.504,-0.036,-0.208,-1.192
6.514,-0.001,-0.211,-1.168
6.524,0.044,-0.216,-1.122
6.534,0.081,-0.219,-1.063
6.544,0.094,-0.222,-1.007
6.554,0.083,-0.229,-0.982
6.564,0.042,-0.235,-0.993
6.574,-0.02,-0.23,-1.05
6.584,-0.069,-0.221,-1.139
6.595,-0.08,-0.205,-1.225
6.605,-0.064,-0.176,-1.28
6.615,-0.044,-0.153,-1.284
6.625,-0.007,-0.16,-1.225
6.635,0.038,-0.185,-1.116
6.645,0.059,-0.207,-0.993
6.655,0.062,-0.236,-0.889
6.665,0.053,-0.264,-0.822
6.675,0.033,-0.28,-0.799
6.685,0.01,-0.286,-0.818
6.695,-0.001,-0.276,-0.881
6.705,0,-0.254,-0.975
6.715,0.002,-0.229,-1.049
6.725,0.001,-0.208,-1.079
6.735,0.001,-0.203,-1.063
6.745,0.002,-0.213,-1.021
6.756,-0.004,-0.229,-0.961
6.765,-0.013,-0.241,-0.894
6.776,-0.011,-0.251,-0.846
6.786,0.006,-0.255,-0.82
6.796,0.027,-0.249,-0.81
6.806,0.05,-0.234,-0.807
6.816,0.069,-0.219,-0.813
6.826,0.08,-0.213,-0.818
6.836,0.083,-0.216,-0.83
6.846,0.076,-0.22,-0.842
6.856,0.06,-0.221,-0.842
6.866,0.051,-0.224,-0.838
6.876,0.053,-0.23,-0.849
6.886,0.058,-0.226,-0.861
6.897,0.056,-0.213,-0.867
6.907,0.054,-0.208,-0.868
6.917,0.057,-0.209,-0.854
6.927,0.059,-0.21,-0.832
6.937,0.06,-0.213,-0.817
6.947,0.06,-0.216,-0.817
6.957,0.056,-0.215,-0.821
6.967,0.059,-0.216,-0.823
6.977,0.064,-0.223,-0.822
6.987,0.065,-0.228,-0.819
6.997,0.058,-0.232,-0.813
7.007,0.048,-0.239,-0.804
7.017,0.037,-0.252,-0.799
7.027,0.025,-0.266,-0.797
7.038,0.013,-0.275,-0.794
7.047,0.014,-0.275,-0.803
7.058,0.023,-0.262,-0.827
7.068,0.034,-0.247,-0.851
7.078,0.043,-0.243,-0.866
7.088,0.053,-0.245,-0.876
7.098,0.061,-0.242,-0.887
7.108,0.066,-0.23,-0.901
7.118,0.071,-0.218,-0.915
7.128,0.063,-0.213,-0.935
7.138,0.053,-0.213,-0.964
7.148,0.048,-0.21,-0.999
7.158,0.042,-0.206,-1.038
7.168,0.032,-0.201,-1.074
7.178,0.028,-0.201,-1.108
7.188,0.035,-0.212,-1.13
7.198,0.063,-0.228,-1.13
7.209,0.103,-0.249,-1.102
7.219,0.13,-0.26,-1.059
7.229,0.116,-0.265,-1.027
7.239,0.065,-0.269,-1.032
7.249,-0.002,-0.266,-1.088
7.259,-0.06,-0.258,-1.179
7.269,-0.096,-0.247,-1.267
7.279,-0.115,-0.227,-1.324
7.289,-0.114,-0.201,-1.335
7.299,-0.084,-0.19,-1.298
7.309,-0.033,-0.193,-1.225
7.319,0.024,-0.194,-1.17
7.329,0.07,-0.186,-1.158
7.34,0.097,-0.171,-1.182
7.35,0.104,-0.15,-1.219
7.36,0.101,-0.137,-1.248
7.37,0.097,-0.141,-1.255
7.38,0.089,-0.151,-1.234
7.39,0.07,-0.162,-1.199
7.4,0.048,-0.175,-1.168
7.41,0.033,-0.189,-1.144
7.42,0.021,-0.197,-1.114
7.43,0.022,-0.198,-1.076
7.44,0.039,-0.196,-1.043
7.45,0.06,-0.189,-1.009
7.46,0.079,-0.18,-0.971
7.47,0.086,-0.178,-0.931
7.48,0.084,-0.188,-0.9
7.491,0.086,-0.199,-0.877
7.501,0.089,-0.204,-0.864
7.511,0.086,-0.203,-0.865
7.521,0.083,-0.201,-0.87
7.531,0.079,-0.199,-0.872
7.541,0.072,-0.196,-0.872
7.551,0.059,-0.194,-0.879
7.561,0.051,-0.195,-0.888
7.571,0.045,-0.198,-0.896
7.581,0.039,-0.197,-0.904
7.591,0.038,-0.189,-0.911
7.601,0.041,-0.179,-0.907
7.611,0.046,-0.17,-0.894
7.621,0.053,-0.165,-0.874
7.631,0.064,-0.164,-0.854
7.642,0.073,-0.165,-0.833
7.652,0.078,-0.165,-0.81
7.662,0.081,-0.17,-0.787
7.672,0.085,-0.18,-0.766
7.682,0.086,-0.193,-0.75
7.692,0.08,-0.205,-0.736
7.702,0.073,-0.218,-0.729
7.712,0.062,-0.23,-0.743
7.722,0.043,-0.24,-0.77
7.732,0.015,-0.25,-0.804
7.742,-0.014,-0.259,-0.829
7.752,-0.03,-0.266,-0.836
7.762,-0.039,-0.276,-0.826
7.772,-0.031,-0.282,-0.809
7.782,-0.01,-0.279,-0.786
7.793,0.01,-0.27,-0.77
7.803,0.024,-0.263,-0.777
7.812,0.03,-0.249,-0.809
7.823,0.032,-0.232,-0.854
7.833,0.038,-0.215,-0.896
7.843,0.048,-0.2,-0.926
7.853,0.07,-0.196,-0.943
7.863,0.095,-0.193,-0.942
7.873,0.113,-0.195,-0.932
7.883,0.13,-0.206,-0.927
7.893,0.138,-0.225,-0.935
7.903,0.135,-0.238,-0.955
7.913,0.125,-0.245,-0.992
7.923,0.102,-0.251,-1.051
7.933,0.072,-0.245,-1.108
7.944,0.035,-0.24,-1.145
7.954,0,-0.245,-1.169
7.964,-0.035,-0.255,-1.184
7.974,-0.069,-0.256,-1.189
7.984,-0.091,-0.246,-1.196
7.994,-0.094,-0.235,-1.224
8.004,-0.072,-0.215,-1.271
8.014,-0.036,-0.184,-1.315
8.024,-0.005,-0.153,-1.341
8.034,0.02,-0.134,-1.333
8.044,0.036,-0.135,-1.291
8.054,0.033,-0.152,-1.218
8.065,0.018,-0.177,-1.125
8.075,0.003,-0.207,-1.035
8.085,-0.011,-0.236,-0.956
8.095,-0.018,-0.266,-0.899
8.105,-0.028,-0.295,-0.863
8.115,-0.039,-0.316,-0.866
8.125,-0.044,-0.317,-0.919
8.135,-0.052,-0.299,-0.989
8.145,-0.055,-0.278,-1.047
8.155,-0.046,-0.259,-1.104
8.165,-0.034,-0.239,-1.146
8.175,-0.024,-0.219,-1.144
8.185,-0.001,-0.205,-1.099
8.195,0.029,-0.206,-1.029
8.205,0.047,-0.21,-0.954
8.215,0.051,-0.213,-0.883
8.225,0.054,-0.219,-0.828
8.235,0.057,-0.223,-0.788
8.246,0.065,-0.223,-0.76
8.256,0.07,-0.219,-0.743
8.266,0.07,-0.214,-0.742
8.276,0.067,-0.208,-0.755
8.286,0.065,-0.201,-0.78
8.296,0.065,-0.186,-0.815
8.306,0.06,-0.17,-0.856
8.316,0.055,-0.153,-0.891
8.326,0.053,-0.145,-0.914
8.336,0.041,-0.144,-0.914
8.346,0.033,-0.145,-0.887
8.356,0.04,-0.153,-0.845
8.366,0.055,-0.163,-0.799
8.376,0.068,-0.17,-0.762
8.386,0.079,-0.181,-0.741
8.397,0.078,-0.198,-0.734
8.407,0.052,-0.211,-0.738
8.417,0.015,-0.225,-0.741
8.427,-0.018,-0.247,-0.754
8.437,-0.061,-0.263,-0.776
8.447,-0.108,-0.272,-0.811
8.457,-0.145,-0.275,-0.84
8.467,-0.171,-0.272,-0.863
8.477,-0.179,-0.273,-0.885
8.487,-0.162,-0.27,-0.9
8.497,-0.126,-0.263,-0.907
8.507,-0.086,-0.252,-0.911
8.517,-0.038,-0.245,-0.929
8.527,0.004,-0.24,-0.946
8.538,0.024,-0.234,-0.939
8.548,0.038,-0.244,-0.929
8.558,0.057,-0.266,-0.93
8.568,0.07,-0.283,-0.948
8.578,0.064,-0.287,-0.994
8.588,0.049,-0.274,-1.057
8.598,0.028,-0.253,-1.117
8.608,0.011,-0.235,-1.162
8.618,0.003,-0.223,-1.199
8.628,0.011,-0.215,-1.22
8.638,0.037,-0.217,-1.206
8.648,0.074,-0.236,-1.148
8.658,0.117,-0.264,-1.074
8.668,0.161,-0.286,-1.001
8.679,0.189,-0.302,-0.938
8.689,0.195,-0.312,-0.9
8.699,0.189,-0.323,-0.885
8.709,0.156,-0.335,-0.892
8.719,0.091,-0.339,-0.929
8.729,0.02,-0.34,-1.01
8.739,-0.02,-0.335,-1.116
8.749,-0.045,-0.311,-1.225
8.759,-0.066,-0.265,-1.309
8.769,-0.056,-0.212,-1.352
8.779,0,-0.173,-1.366
8.789,0.07,-0.147,-1.344
8.799,0.114,-0.125,-1.282
8.809,0.13,-0.116,-1.199
8.819,0.141,-0.13,-1.119
8.83,0.139,-0.152,-1.05
8.84,0.118,-0.168,-0.988
8.85,0.1,-0.183,-0.935
8.86,0.089,-0.195,-0.883
8.87,0.081,-0.206,-0.834
8.88,0.088,-0.219,-0.795
8.89,0.099,-0.229,-0.767
8.9,0.104,-0.234,-0.751
8.91,0.102,-0.237,-0.751
8.92,0.093,-0.241,-0.763
8.93,0.085,-0.242,-0.789
8.94,0.077,-0.242,-0.819
8.95,0.068,-0.242,-0.84
8.96,0.056,-0.241,-0.848
8.97,0.052,-0.236,-0.841
8.981,0.053,-0.229,-0.833
8.991,0.06,-0.219,-0.836
9.001,0.072,-0.208,-0.848
9.011,0.085,-0.196,-0.859
9.021,0.096,-0.186,-0.867
9.031,0.107,-0.179,-0.868
9.041,0.112,-0.174,-0.867
9.051,0.101,-0.171,-0.862
9.061,0.079,-0.172,-0.871
9.071,0.056,-0.179,-0.891
9.081,0.039,-0.187,-0.911
9.091,0.027,-0.197,-0.919
9.101,0.023,-0.21,-0.92
9.111,0.026,-0.218,-0.914
9.121,0.023,-0.224,-0.899
9.132,0.013,-0.233,-0.88
9.142,0.01,-0.244,-0.868
9.152,0.011,-0.247,-0.871
9.162,0.016,-0.239,-0.891
9.172,0.02,-0.225,-0.924
9.182,0.027,-0.217,-0.958
9.192,0.041,-0.211,-0.978
9.202,0.056,-0.209,-0.982
9.212,0.069,-0.212,-0.972
9.222,0.081,-0.223,-0.957
9.232,0.086,-0.229,-0.95
9.242,0.083,-0.224,-0.963
9.252,0.073,-0.21,-1.001
9.262,0.06,-0.183,-1.062
9.272,0.042,-0.154,-1.132
9.283,0.032,-0.125,-1.187
9.293,0.031,-0.107,-1.217
9.303,0.02,-0.098,-1.199
9.313,0.02,-0.1,-1.137
9.323,0.034,-0.121,-1.067
9.333,0.04,-0.136,-1.013
9.343,0.022,-0.14,-1.001
9.353,0.005,-0.135,-1.049
9.363,-0.018,-0.123,-1.14
9.373,-0.031,-0.109,-1.24
9.383,-0.034,-0.093,-1.332
9.393,-0.043,-0.076,-1.393
9.403,-0.045,-0.07,-1.402
9.413,-0.027,-0.094,-1.35
9.423,0,-0.137,-1.243
9.434,0.014,-0.178,-1.112
9.443,0.015,-0.212,-0.995
9.454,0.01,-0.246,-0.907
9.464,0.003,-0.264,-0.837
9.474,-0.004,-0.273,-0.791
9.484,-0.006,-0.284,-0.774
9.494,-0.012,-0.291,-0.791
9.504,-0.024,-0.29,-0.841
9.514,-0.039,-0.276,-0.908
9.524,-0.046,-0.255,-0.955
9.534,-0.037,-0.237,-0.974
9.544,-0.025,-0.226,-0.975
9.554,-0.017,-0.22,-0.961
9.564,-0.007,-0.215,-0.932
9.575,0.003,-0.209,-0.893
9.584,0.018,-0.206,-0.854
9.595,0.036,-0.199,-0.827
9.605,0.048,-0.189,-0.815
9.615,0.048,-0.18,-0.821
9.625,0.048,-0.168,-0.84
9.635,0.053,-0.156,-0.865
9.645,0.056,-0.143,-0.889
9.655,0.062,-0.131,-0.91
9.665,0.072,-0.125,-0.919
9.675,0.077,-0.125,-0.909
9.685,0.073,-0.136,-0.88
9.695,0.067,-0.155,-0.839
9.705,0.057,-0.175,-0.797
9.715,0.038,-0.196,-0.772
9.725,0.012,-0.211,-0.775
9.736,-0.02,-0.22,-0.799
9.746,-0.045,-0.227,-0.832
9.756,-0.06,-0.233,-0.873
9.766,-0.065,-0.23,-0.903
9.776,-0.059,-0.223,-0.905
9.786,-0.05,-0.222,-0.889
9.796,-0.035,-0.228,-0.864
9.806,-0.025,-0.236,-0.844
9.816,-0.033,-0.238,-0.844
9.826,-0.04,-0.234,-0.873
9.836,-0.033,-0.222,-0.929
9.846,-0.019,-0.199,-0.985
9.856,0.003,-0.17,-1.024
9.866,0.034,-0.142,-1.04
9.877,0.056,-0.125,-1.036
9.886,0.064,-0.133,-1.017
9.897,0.072,-0.163,-0.983
9.907,0.087,-0.207,-0.953
9.917,0.104,-0.241,-0.941
9.927,0.102,-0.254,-0.943
9.937,0.073,-0.253,-0.966
9.947,0.047,-0.247,-1.03
9.957,0.033,-0.236,-1.135
9.967,0.019,-0.215,-1.254
9.977,-0.003,-0.183,-1.369
9.987,-0.033,-0.157,-1.439
9.997,-0.064,-0.141,-1.419
10.007,-0.061,-0.154,-1.332
10.018,-0.021,-0.182,-1.233
10.027,0.026,-0.193,-1.163
10.038,0.061,-0.178,-1.137
10.048,0.09,-0.146,-1.151
10.058,0.107,-0.113,-1.186
10.068,0.113,-0.098,-1.223
10.078,0.104,-0.097,-1.255
10.088,0.085,-0.101,-1.273
10.098,0.061,-0.106,-1.259
10.108,0.042,-0.113,-1.214
10.118,0.029,-0.125,-1.156
10.128,0.02,-0.138,-1.107
10.138,0.009,-0.148,-1.079
10.148,-0.005,-0.153,-1.064
10.158,-0.009,-0.151,-1.043
10.169,-0.003,-0.148,-1.001
10.179,0.005,-0.153,-0.934
10.189,0.014,-0.164,-0.861
10.199,0.015,-0.177,-0.8
10.209,0.011,-0.187,-0.748
10.219,0.001,-0.198,-0.712
10.229,-0.011,-0.21,-0.703
10.239,-0.02,-0.215,-0.718
10.249,-0.028,-0.208,-0.745
10.259,-0.028,-0.194,-0.775
10.269,-0.013,-0.183,-0.803
10.279,0.006,-0.171,-0.83
10.289,0.015,-0.159,-0.858
10.299,0.014,-0.151,-0.888
10.309,0.007,-0.151,-0.911
10.32,-0.011,-0.159,-0.933
10.329,-0.031,-0.168,-0.946
10.34,-0.045,-0.177,-0.954
10.35,-0.048,-0.181,-0.948
10.36,-0.036,-0.181,-0.917
10.37,-0.012,-0.184,-0.874
10.38,0.019,-0.192,-0.837
10.39,0.039,-0.197,-0.818
10.4,0.046,-0.198,-0.813
10.41,0.043,-0.2,-0.82
10.42,0.036,-0.207,-0.833
10.43,0.027,-0.214,-0.85
10.44,0.026,-0.217,-0.863
10.45,0.026,-0.22,-0.879
10.461,0.023,-0.225,-0.897
10.471,0.015,-0.23,-0.909
10.481,0.006,-0.235,-0.912
10.491,0.001,-0.239,-0.904
10.501,-0.002,-0.243,-0.889
10.511,-0.005,-0.242,-0.871
10.521,-0.004,-0.239,-0.865
10.531,0.004,-0.234,-0.863
10.541,0.016,-0.228,-0.853
10.551,0.031,-0.223,-0.833
10.561,0.048,-0.225,-0.816
10.571,0.057,-0.228,-0.804
10.581,0.052,-0.235,-0.806
10.591,0.04,-0.241,-0.827
10.602,0.028,-0.24,-0.857
10.611,0.018,-0.233,-0.898
10.622,0.014,-0.224,-0.939
10.631,0.017,-0.213,-0.977
10.642,0.024,-0.201,-1.004
10.652,0.041,-0.194,-1.025
10.662,0.066,-0.191,-1.053
10.672,0.089,-0.186,-1.072
10.682,0.109,-0.183,-1.072
10.692,0.117,-0.189,-1.067
10.702,0.109,-0.199,-1.058
10.712,0.09,-0.229,-1.052
10.722,0.071,-0.269,-1.063
10.732,0.05,-0.295,-1.078
10.742,0.02,-0.297,-1.09
10.753,-0.025,-0.28,-1.079
10.763,-0.092,-0.261,-1.079
10.773,-0.154,-0.262,-1.149
10.783,-0.183,-0.259,-1.267
10.793,-0.193,-0.212,-1.38
10.803,-0.203,-0.134,-1.459
10.813,-0.172,-0.069,-1.473
10.823,-0.087,-0.041,-1.421
10.833,0.01,-0.038,-1.317
10.843,0.069,-0.036,-1.198
10.853,0.111,-0.05,-1.08
10.863,0.145,-0.085,-0.976
10.873,0.151,-0.125,-0.893
10.883,0.136,-0.16,-0.848
10.893,0.107,-0.189,-0.842
10.904,0.056,-0.206,-0.876
10.914,0.002,-0.215,-0.942
10.924,-0.027,-0.219,-1.017
10.934,-0.04,-0.21,-1.095
10.944,-0.045,-0.181,-1.169
10.954,-0.035,-0.148,-1.217
10.964,-0.011,-0.127,-1.236
10.974,0.013,-0.118,-1.216
10.984,0.025,-0.115,-1.155
10.994,0.032,-0.122,-1.064
11.004,0.035,-0.138,-0.974
11.014,0.033,-0.152,-0.895
11.024,0.031,-0.164,-0.832
11.034,0.033,-0.171,-0.783
11.045,0.035,-0.177,-0.743
11.055,0.04,-0.186,-0.725
11.065,0.045,-0.192,-0.727
11.075,0.04,-0.191,-0.745
11.085,0.025,-0.189,-0.772
11.095,0.004,-0.189,-0.804
11.105,-0.011,-0.187,-0.84
11.115,-0.015,-0.178,-0.87
11.125,-0.016,-0.163,-0.892
11.135,-0.012,-0.149,-0.915
11.145,-0.004,-0.137,-0.928
11.155,0.004,-0.127,-0.926
11.165,0.006,-0.124,-0.915
11.175,0.012,-0.128,-0.892
11.185,0.018,-0.133,-0.857
11.195,0.022,-0.141,-0.828
11.206,0.026,-0.15,-0.81
11.215,0.025,-0.155,-0.804
11.226,0.014,-0.155,-0.81
11.236,-0.003,-0.156,-0.827
11.246,-0.023,-0.163,-0.851
11.256,-0.034,-0.166,-0.874
11.266,-0.04,-0.165,-0.891
11.276,-0.04,-0.165,-0.902
11.286,-0.025,-0.168,-0.894
11.296,-0.006,-0.17,-0.868
11.306,0.006,-0.174,-0.837
11.316,0.012,-0.176,-0.809
11.326,0.013,-0.18,-0.795
11.337,0.017,-0.187,-0.805
11.346,0.015,-0.185,-0.832
11.356,0.003,-0.18,-0.851
11.367,-0.005,-0.185,-0.856
11.376,-0.007,-0.198,-0.854
11.387,-0.004,-0.207,-0.85
11.397,0.003,-0.209,-0.866
11.407,0.018,-0.208,-0.905
11.417,0.035,-0.205,-0.955
11.427,0.05,-0.199,-1.004
11.437,0.057,-0.202,-1.047
11.447,0.058,-0.208,-1.075
11.457,0.044,-0.21,-1.095
11.467,0.013,-0.206,-1.111
11.477,-0.02,-0.198,-1.139
11.488,-0.047,-0.186,-1.192
11.497,-0.055,-0.168,-1.251
11.508,-0.042,-0.15,-1.314
11.518,-0.017,-0.127,-1.36
11.528,0.004,-0.1,-1.364
11.538,0.027,-0.088,-1.319
11.548,0.048,-0.104,-1.24
11.558,0.068,-0.141,-1.155
11.568,0.071,-0.167,-1.09
11.578,0.062,-0.182,-1.031
11.588,0.049,-0.195,-0.977
11.598,0.041,-0.213,-0.942
11.608,0.028,-0.226,-0.932
11.618,0.014,-0.222,-0.953
11.628,-0.001,-0.206,-1.003
11.638,-0.003,-0.185,-1.071
11.649,0.003,-0.16,-1.139
11.659,0.015,-0.131,-1.196
11.669,0.032,-0.107,-1.228
11.679,0.053,-0.094,-1.231
11.689,0.077,-0.09,-1.207
11.699,0.083,-0.094,-1.154
11.709,0.074,-0.108,-1.085
11.719,0.064,-0.13,-1.012
11.729,0.055,-0.15,-0.949
11.739,0.047,-0.163,-0.897
11.749,0.039,-0.17,-0.858
11.759,0.039,-0.173,-0.83
11.769,0.041,-0.175,-0.81
11.779,0.047,-0.174,-0.809
11.79,0.055,-0.17,-0.825
11.799,0.062,-0.16,-0.848
11.81,0.065,-0.151,-0.871
11.82,0.059,-0.148,-0.884
11.83,0.046,-0.154,-0.886
11.84,0.034,-0.164,-0.874
11.85,0.025,-0.173,-0.85
11.86,0.017,-0.181,-0.824
11.87,0.007,-0.187,-0.806
11.88,0.001,-0.191,-0.8
11.89,0.001,-0.195,-0.811
11.9,0.009,-0.194,-0.823
11.91,0.017,-0.192,-0.817
11.92,0.024,-0.194,-0.801
11.93,0.031,-0.203,-0.784
11.94,0.023,-0.218,-0.769
11.951,0.008,-0.233,-0.75
11.961,-0.006,-0.244,-0.736
11.971,-0.022,-0.253,-0.752
11.98,-0.04,-0.252,-0.805
11.991,-0.054,-0.241,-0.888
12.001,-0.051,-0.217,-0.968
12.011,-0.027,-0.196,-1.026
12.021,0.013,-0.18,-1.047
12.031,0.043,-0.173,-1.034
12.041,0.06,-0.182,-1.004
12.051,0.067,-0.198,-0.973
12.061,0.068,-0.21,-0.951
12.071,0.069,-0.214,-0.939
12.081,0.076,-0.212,-0.942
12.091,0.084,-0.209,-0.96
12.101,0.091,-0.211,-0.984
12.112,0.092,-0.208,-1.004
12.122,0.084,-0.204,-1.023
12.132,0.07,-0.199,-1.058
12.142,0.054,-0.191,-1.105
12.152,0.036,-0.184,-1.147
12.162,0.027,-0.186,-1.17
12.172,0.03,-0.205,-1.156
12.182,0.021,-0.225,-1.107
12.192,-0.018,-0.24,-1.064
12.202,-0.068,-0.252,-1.088
12.212,-0.105,-0.236,-1.18
12.222,-0.12,-0.178,-1.285
12.233,-0.12,-0.117,-1.384
12.242,-0.1,-0.061,-1.455
12.253,-0.066,-0.022,-1.475
12.263,-0.035,-0.011,-1.418
12.273,-0.003,-0.037,-1.293
12.283,0.013,-0.099,-1.145
12.293,0.012,-0.163,-1.013
12.303,0.014,-0.213,-0.903
12.313,0.015,-0.237,-0.821
12.323,0.017,-0.242,-0.774
12.333,0.02,-0.239,-0.786
12.343,0.011,-0.229,-0.863
12.353,-0.009,-0.211,-0.969
12.363,-0.032,-0.193,-1.07
12.374,-0.049,-0.182,-1.155
12.383,-0.06,-0.173,-1.199
12.394,-0.068,-0.167,-1.193
12.403,-0.066,-0.173,-1.136
12.414,-0.05,-0.188,-1.051
12.424,-0.036,-0.206,-0.965
12.434,-0.035,-0.216,-0.897
12.444,-0.036,-0.218,-0.847
12.454,-0.031,-0.216,-0.823
12.464,-0.02,-0.21,-0.821
12.474,-0.005,-0.198,-0.834
12.484,0.006,-0.186,-0.858
12.494,0.011,-0.175,-0.887
12.504,0.009,-0.165,-0.915
12.514,-0.002,-0.16,-0.936
12.524,-0.019,-0.158,-0.943
12.534,-0.033,-0.162,-0.935
12.544,-0.036,-0.165,-0.905
12.555,-0.029,-0.168,-0.868
12.565,-0.02,-0.169,-0.831
12.575,-0.011,-0.17,-0.799
12.585,-0.004,-0.176,-0.78
12.595,0.002,-0.183,-0.775
12.605,0.009,-0.183,-0.768
12.615,0.022,-0.183,-0.759
12.625,0.031,-0.189,-0.752
12.635,0.022,-0.2,-0.753
12.645,-0.002,-0.212,-0.763
12.655,-0.021,-0.221,-0.783
12.665,-0.039,-0.225,-0.809
12.675,-0.055,-0.22,-0.835
12.685,-0.061,-0.21,-0.866
12.696,-0.056,-0.198,-0.905
12.706,-0.053,-0.183,-0.948
12.716,-0.052,-0.171,-0.983
12.726,-0.048,-0.162,-0.998
12.736,-0.045,-0.166,-0.984
12.746,-0.038,-0.18,-0.941
12.756,-0.018,-0.2,-0.897
12.766,0.005,-0.21,-0.863
12.776,0.011,-0.212,-0.842
12.786,0.009,-0.215,-0.832
12.796,0.007,-0.224,-0.833
12.806,-0.002,-0.238,-0.836
12.816,-0.013,-0.252,-0.843
12.826,-0.018,-0.27,-0.866
12.836,-0.016,-0.283,-0.902
12.846,-0.015,-0.294,-0.945
12.857,-0.014,-0.301,-0.994
12.867,-0.015,-0.304,-1.028
12.877,-0.009,-0.308,-1.041
12.887,-0.003,-0.32,-1.043
12.897,0.001,-0.335,-1.038
12.907,0.001,-0.341,-1.026
12.917,-0.008,-0.335,-1.017
12.927,-0.026,-0.319,-1.031
12.937,-0.046,-0.291,-1.065
12.947,-0.043,-0.261,-1.101
12.957,-0.018,-0.235,-1.135
12.967,0.026,-0.214,-1.14
12.977,0.069,-0.203,-1.114
12.987,0.098,-0.202,-1.076
12.998,0.115,-0.201,-1.058
13.008,0.121,-0.189,-1.082
13.018,0.117,-0.165,-1.14
13.028,0.106,-0.144,-1.203
13.038,0.091,-0.135,-1.258
13.048,0.06,-0.137,-1.296
13.058,0.028,-0.138,-1.303
13.068,0.002,-0.143,-1.262
13.078,-0.013,-0.162,-1.184
13.088,-0.011,-0.191,-1.097
13.098,-0.002,-0.213,-1.029
13.108,0.01,-0.221,-0.988
13.118,0.021,-0.224,-0.969
13.129,0.025,-0.231,-0.965
13.139,0.018,-0.245,-0.953
13.148,0.007,-0.262,-0.924
13.159,0.001,-0.28,-0.889
13.169,-0.001,-0.293,-0.859
13.179,0.001,-0.299,-0.839
13.189,0.005,-0.297,-0.834
13.199,0.014,-0.288,-0.837
13.209,0.024,-0.278,-0.844
13.219,0.033,-0.272,-0.858
13.229,0.038,-0.264,-0.87
13.239,0.04,-0.254,-0.882
13.249,0.037,-0.246,-0.89
13.259,0.034,-0.239,-0.892
13.269,0.031,-0.234,-0.894
13.28,0.027,-0.229,-0.901
13.289,0.029,-0.222,-0.905
13.3,0.033,-0.214,-0.899
13.31,0.046,-0.208,-0.879
13.32,0.062,-0.202,-0.848
13.33,0.078,-0.201,-0.82
13.34,0.078,-0.201,-0.801
13.35,0.07,-0.201,-0.791
13.36,0.06,-0.204,-0.793
13.37,0.054,-0.205,-0.813
13.38,0.048,-0.2,-0.844
13.39,0.042,-0.192,-0.867
13.4,0.042,-0.189,-0.87
13.41,0.04,-0.196,-0.853
13.42,0.039,-0.212,-0.833
13.43,0.035,-0.227,-0.811
13.441,0.031,-0.235,-0.792
13.451,0.035,-0.237,-0.785
13.461,0.041,-0.236,-0.791
13.471,0.049,-0.224,-0.813
13.481,0.052,-0.207,-0.856
13.491,0.038,-0.193,-0.911
13.501,0.016,-0.184,-0.961
13.511,0.007,-0.183,-0.993
13.521,0.014,-0.194,-1.002
13.531,0.025,-0.209,-0.975
13.541,0.036,-0.227,-0.925
13.551,0.057,-0.245,-0.887
13.561,0.067,-0.263,-0.873
13.571,0.057,-0.277,-0.893
13.581,0.037,-0.276,-0.961
13.591,0.006,-0.26,-1.056
13.602,-0.025,-0.235,-1.152
13.612,-0.05,-0.212,-1.239
13.622,-0.072,-0.185,-1.304
13.632,-0.093,-0.163,-1.347
13.642,-0.094,-0.149,-1.348
13.652,-0.069,-0.145,-1.281
13.662,-0.032,-0.159,-1.17
13.672,0.001,-0.182,-1.064
13.682,0.032,-0.196,-0.984
13.692,0.058,-0.207,-0.934
13.702,0.073,-0.209,-0.911
13.712,0.07,-0.201,-0.912
13.722,0.037,-0.188,-0.945
13.732,-0.021,-0.18,-0.997
13.743,-0.07,-0.184,-1.063
13.753,-0.094,-0.192,-1.131
13.763,-0.1,-0.185,-1.174
13.773,-0.094,-0.174,-1.18
13.783,-0.056,-0.175,-1.14
13.793,-0.005,-0.192,-1.066
13.803,0.027,-0.209,-0.993
13.813,0.042,-0.221,-0.949
13.823,0.059,-0.222,-0.942
13.833,0.07,-0.209,-0.963
13.843,0.066,-0.192,-1
13.853,0.053,-0.185,-1.052
13.863,0.029,-0.184,-1.107
13.873,0.005,-0.18,-1.155
13.883,-0.019,-0.179,-1.194
13.894,-0.043,-0.181,-1.209
13.904,-0.065,-0.188,-1.197
13.914,-0.073,-0.199,-1.151
13.924,-0.067,-0.206,-1.076
13.934,-0.051,-0.208,-1.001
13.944,-0.031,-0.206,-0.944
13.954,-0.014,-0.201,-0.906
13.964,-0.003,-0.192,-0.884
13.974,0.006,-0.185,-0.869
13.984,0.011,-0.181,-0.856
13.994,0.011,-0.181,-0.852
14.004,0.007,-0.182,-0.851
14.014,-0.003,-0.181,-0.847
14.025,-0.014,-0.183,-0.837
14.034,-0.019,-0.187,-0.823
14.045,-0.021,-0.192,-0.805
14.055,-0.021,-0.196,-0.791
14.065,-0.022,-0.196,-0.774
14.075,-0.024,-0.199,-0.762
14.085,-0.027,-0.205,-0.761
14.095,-0.031,-0.208,-0.765
14.105,-0.038,-0.207,-0.772
14.115,-0.039,-0.204,-0.785
14.125,-0.038,-0.205,-0.802
14.135,-0.041,-0.204,-0.818
14.145,-0.046,-0.199,-0.832
14.155,-0.041,-0.194,-0.842
14.165,-0.026,-0.189,-0.845
14.176,-0.006,-0.188,-0.844
14.186,0.011,-0.188,-0.841
14.196,0.025,-0.188,-0.832
14.206,0.031,-0.189,-0.834
14.216,0.02,-0.193,-0.847
14.226,0,-0.198,-0.865
14.236,-0.024,-0.2,-0.898
14.246,-0.039,-0.196,-0.94
14.256,-0.033,-0.187,-0.978
14.266,-0.014,-0.182,-1.004
14.276,0.013,-0.179,-1.007
14.286,0.041,-0.18,-0.986
14.296,0.069,-0.191,-0.952
14.306,0.096,-0.215,-0.919
14.316,0.111,-0.242,-0.9
14.326,0.119,-0.261,-0.898
14.337,0.117,-0.271,-0.908
14.347,0.1,-0.276,-0.938
14.357,0.076,-0.269,-0.995
14.367,0.044,-0.246,-1.064
14.377,0.022,-0.226,-1.118
14.387,0.021,-0.218,-1.149
14.397,0.032,-0.222,-1.141
14.407,0.048,-0.234,-1.096
14.417,0.066,-0.247,-1.047
14.427,0.058,-0.25,-1.026
14.437,0.031,-0.244,-1.058
14.447,0.017,-0.224,-1.146
14.457,0.016,-0.184,-1.265
14.467,0.013,-0.133,-1.371
14.478,0.018,-0.088,-1.45
14.488,0.037,-0.061,-1.479
14.498,0.054,-0.05,-1.441
14.508,0.06,-0.065,-1.336
14.518,0.062,-0.105,-1.211
14.528,0.064,-0.143,-1.106
14.538,0.064,-0.165,-1.027
14.548,0.066,-0.179,-0.974
14.558,0.068,-0.187,-0.934
14.568,0.073,-0.191,-0.897
14.578,0.073,-0.197,-0.861
14.588,0.071,-0.205,-0.832
14.598,0.067,-0.216,-0.816
14.609,0.059,-0.226,-0.817
14.618,0.038,-0.231,-0.838
14.629,0.01,-0.231,-0.869
14.638,-0.013,-0.229,-0.899
14.649,-0.02,-0.226,-0.912
14.659,-0.01,-0.22,-0.913
14.669,-0.003,-0.211,-0.892
14.679,0.004,-0.203,-0.862
14.689,0.008,-0.203,-0.834
14.699,0.008,-0.205,-0.811
14.709,0.007,-0.207,-0.802
14.719,0.006,-0.21,-0.803
14.729,0.012,-0.209,-0.81
14.739,0.02,-0.204,-0.821
14.749,0.03,-0.196,-0.831
14.759,0.04,-0.189,-0.848
14.77,0.051,-0.189,-0.876
14.779,0.056,-0.193,-0.901
14.79,0.056,-0.2,-0.909
14.8,0.042,-0.21,-0.882
14.81,0.028,-0.227,-0.84
14.82,0.021,-0.247,-0.809
14.83,0.01,-0.258,-0.807
14.84,0.002,-0.258,-0.834
14.85,0.002,-0.247,-0.881
14.86,0.008,-0.231,-0.941
14.87,0.015,-0.215,-0.993
14.88,0.03,-0.199,-1.034
14.89,0.055,-0.183,-1.047
14.9,0.078,-0.175,-1.033
14.91,0.103,-0.181,-0.995
14.92,0.123,-0.192,-0.95
14.931,0.131,-0.204,-0.921
14.941,0.132,-0.209,-0.921
14.951,0.132,-0.205,-0.947
14.961,0.114,-0.2,-1
14.971,0.084,-0.187,-1.071
14.981,0.054,-0.166,-1.141
14.991,0.021,-0.145,-1.192
15.001,0.003,-0.13,-1.219
15.011,0.001,-0.126,-1.222
15.021,-0.001,-0.128,-1.186
15.031,-0.002,-0.137,-1.122
15.041,0.002,-0.153,-1.067
15.051,0.01,-0.163,-1.026
15.061,0.02,-0.169,-0.99
15.072,0.032,-0.175,-0.961
15.081,0.047,-0.179,-0.934
15.092,0.05,-0.182,-0.908
15.102,0.041,-0.197,-0.893
15.112,0.02,-0.221,-0.887
15.122,-0.012,-0.238,-0.895
15.132,-0.048,-0.249,-0.928
15.142,-0.072,-0.249,-0.989
15.152,-0.078,-0.231,-1.056
15.162,-0.065,-0.209,-1.109
15.172,-0.037,-0.188,-1.15
15.182,-0.006,-0.17,-1.17
15.192,0.025,-0.162,-1.172
15.202,0.051,-0.163,-1.163
15.212,0.059,-0.166,-1.131
15.223,0.052,-0.176,-1.078
15.233,0.032,-0.198,-1.024
15.243,-0.002,-0.223,-0.989
15.253,-0.031,-0.239,-0.975
15.263,-0.05,-0.247,-0.973
15.273,-0.066,-0.248,-0.975
15.283,-0.071,-0.248,-0.968
15.293,-0.066,-0.247,-0.951
15.303,-0.052,-0.241,-0.924
15.313,-0.03,-0.231,-0.893
15.323,-0.003,-0.22,-0.863
15.333,0.019,-0.206,-0.836
15.343,0.036,-0.194,-0.805
15.353,0.051,-0.19,-0.77
15.363,0.066,-0.191,-0.736
15.373,0.078,-0.189,-0.712
15.383,0.09,-0.185,-0.704
15.394,0.096,-0.18,-0.711
15.404,0.089,-0.171,-0.737
15.414,0.073,-0.164,-0.773
15.424,0.054,-0.165,-0.808
15.434,0.034,-0.17,-0.843
15.444,0.015,-0.177,-0.886
15.454,0.002,-0.181,-0.919
15.464,-0.007,-0.184,-0.945
15.474,-0.01,-0.181,-0.96
15.484,-0.013,-0.183,-0.962
15.494,-0.017,-0.188,-0.947
15.504,-0.025,-0.195,-0.931
15.515,-0.029,-0.203,-0.926
15.524,-0.024,-0.207,-0.94
15.535,-0.015,-0.199,-0.97
15.545,0.008,-0.184,-1.001
15.555,0.037,-0.168,-1.029
15.565,0.057,-0.155,-1.045
15.575,0.068,-0.16,-1.046
15.585,0.07,-0.177,-1.026
15.595,0.067,-0.197,-0.992
15.605,0.065,-0.208,-0.977
15.615,0.062,-0.21,-0.988
15.625,0.057,-0.204,-1.024
15.635,0.058,-0.198,-1.072
15.645,0.067,-0.192,-1.113
15.655,0.081,-0.194,-1.124
15.665,0.101,-0.212,-1.1
15.675,0.121,-0.237,-1.042
15.686,0.136,-0.254,-0.982
15.696,0.131,-0.261,-0.941
15.706,0.099,-0.261,-0.924
15.716,0.052,-0.251,-0.966
15.726,0.025,-0.232,-1.07
15.736,0.023,-0.195,-1.189
15.746,0.025,-0.155,-1.308
15.756,0.034,-0.121,-1.42
15.766,0.039,-0.082,-1.478
15.776,0.053,-0.056,-1.459
15.786,0.07,-0.062,-1.364
15.796,0.088,-0.091,-1.237
15.806,0.099,-0.115,-1.125
15.817,0.099,-0.125,-1.035
15.826,0.1,-0.128,-0.979
15.837,0.102,-0.134,-0.946
15.847,0.104,-0.136,-0.925
15.857,0.104,-0.128,-0.902
15.867,0.098,-0.126,-0.879
15.877,0.1,-0.136,-0.856
15.887,0.106,-0.15,-0.832
15.897,0.104,-0.165,-0.81
15.907,0.096,-0.177,-0.786
15.917,0.083,-0.193,-0.762
15.927,0.074,-0.215,-0.748
15.937,0.068,-0.229,-0.746
15.947,0.061,-0.231,-0.755
15.958,0.049,-0.23,-0.775
15.968,0.048,-0.225,-0.799
15.978,0.05,-0.22,-0.82
15.988,0.05,-0.22,-0.841
15.998,0.048,-0.223,-0.859
16.008,0.044,-0.226,-0.871
16.018,0.044,-0.223,-0.874
16.028,0.052,-0.216,-0.877
16.038,0.061,-0.208,-0.889
16.048,0.071,-0.196,-0.902
16.058,0.077,-0.185,-0.913
16.068,0.08,-0.181,-0.916
16.078,0.079,-0.186,-0.911
16.088,0.079,-0.2,-0.907
16.098,0.076,-0.212,-0.893
16.108,0.067,-0.22,-0.858
16.119,0.061,-0.234,-0.821
16.128,0.066,-0.248,-0.805
16.139,0.07,-0.252,-0.812
16.149,0.056,-0.251,-0.833
16.159,0.046,-0.243,-0.879
16.169,0.048,-0.221,-0.929
16.179,0.057,-0.199,-0.967
16.189,0.068,-0.196,-0.991
16.199,0.084,-0.204,-0.996
16.209,0.099,-0.213,-0.98
16.219,0.119,-0.228,-0.962
16.229,0.139,-0.24,-0.957
16.239,0.153,-0.247,-0.962
16.25,0.159,-0.251,-0.976
16.259,0.141,-0.252,-0.997
16.27,0.112,-0.241,-1.03
16.28,0.073,-0.219,-1.067
16.29,0.03,-0.199,-1.124
16.301,0.005,-0.19,-1.196
16.31,-0.012,-0.173,-1.262
16.32,-0.019,-0.157,-1.306
16.33,0,-0.149,-1.317
16.34,0.046,-0.147,-1.295
16.35,0.09,-0.143,-1.252
16.36,0.11,-0.131,-1.195
16.37,0.113,-0.126,-1.153
16.38,0.119,-0.129,-1.127
16.39,0.11,-0.134,-1.112
16.4,0.089,-0.145,-1.102
16.411,0.065,-0.161,-1.102
16.421,0.048,-0.179,-1.101
16.431,0.046,-0.193,-1.095
16.441,0.049,-0.206,-1.083
16.451,0.054,-0.216,-1.06
16.461,0.062,-0.221,-1.025
16.471,0.072,-0.224,-0.986
16.481,0.077,-0.23,-0.957
16.491,0.07,-0.233,-0.942
16.501,0.057,-0.234,-0.935
16.511,0.044,-0.235,-0.935
16.521,0.026,-0.235,-0.939
16.531,0.006,-0.234,-0.946
16.541,-0.006,-0.236,-0.957
16.551,-0.008,-0.236,-0.959
16.562,-0.007,-0.231,-0.949
16.571,0.001,-0.227,-0.927
16.582,0.016,-0.224,-0.893
16.592,0.028,-0.219,-0.862
16.602,0.033,-0.214,-0.834
16.612,0.032,-0.213,-0.814
16.622,0.03,-0.214,-0.809
16.632,0.03,-0.211,-0.822
16.642,0.03,-0.199,-0.853
16.652,0.025,-0.185,-0.884
16.662,0.023,-0.177,-0.899
16.672,0.026,-0.181,-0.895
16.683,0.027,-0.191,-0.869
16.692,0.027,-0.195,-0.831
16.703,0.023,-0.201,-0.794
16.712,0.011,-0.209,-0.774
16.722,0.004,-0.216,-0.778
16.733,0.001,-0.22,-0.801
16.743,-0.005,-0.213,-0.827
16.753,-0.007,-0.206,-0.857
16.763,-0.012,-0.209,-0.883
16.773,-0.021,-0.212,-0.897
16.783,-0.031,-0.217,-0.905
16.793,-0.035,-0.224,-0.906
16.803,-0.038,-0.228,-0.899
16.813,-0.041,-0.23,-0.888
16.823,-0.045,-0.233,-0.873
16.833,-0.051,-0.233,-0.86
16.844,-0.051,-0.235,-0.858
16.853,-0.05,-0.233,-0.867
16.864,-0.047,-0.226,-0.88
16.873,-0.033,-0.217,-0.894
16.884,-0.016,-0.212,-0.906
16.894,-0.004,-0.212,-0.913
16.904,-0.001,-0.217,-0.919
16.914,0.001,-0.222,-0.931
16.924,0.011,-0.224,-0.951
16.934,0.026,-0.22,-0.98
16.944,0.044,-0.21,-1.011
16.954,0.07,-0.206,-1.041
16.964,0.102,-0.208,-1.064
16.974,0.127,-0.206,-1.072
16.984,0.125,-0.197,-1.06
16.994,0.099,-0.196,-1.043
17.005,0.073,-0.212,-1.042
17.015,0.052,-0.223,-1.054
17.025,0.035,-0.223,-1.066
17.035,0.032,-0.221,-1.07
17.045,0.038,-0.225,-1.063
17.055,0.05,-0.241,-1.037
17.065,0.07,-0.258,-1.002
17.075,0.089,-0.26,-0.969
17.085,0.096,-0.258,-0.946
17.095,0.077,-0.252,-0.942
17.105,0.035,-0.242,-0.988
17.115,-0.013,-0.223,-1.104
17.125,-0.044,-0.185,-1.225
17.136,-0.055,-0.14,-1.334
17.145,-0.05,-0.095,-1.39
17.155,-0.027,-0.061,-1.372
17.166,0.012,-0.054,-1.304
17.176,0.048,-0.073,-1.225
17.186,0.067,-0.097,-1.169
17.196,0.074,-0.114,-1.137
17.206,0.071,-0.13,-1.117
17.216,0.069,-0.145,-1.097
17.226,0.063,-0.155,-1.055
17.236,0.051,-0.166,-0.986
17.246,0.039,-0.187,-0.91
17.256,0.034,-0.213,-0.848
17.266,0.033,-0.23,-0.798
17.276,0.033,-0.242,-0.756
17.287,0.043,-0.249,-0.739
17.297,0.06,-0.247,-0.749
17.307,0.066,-0.23,-0.784
17.317,0.057,-0.208,-0.83
17.327,0.048,-0.196,-0.88
17.337,0.04,-0.19,-0.924
17.347,0.025,-0.185,-0.948
17.357,0.011,-0.18,-0.953
17.367,0.007,-0.177,-0.946
17.377,0.012,-0.175,-0.916
17.387,0.018,-0.174,-0.87
17.397,0.029,-0.178,-0.822
17.407,0.045,-0.182,-0.784
17.417,0.062,-0.178,-0.758
17.427,0.081,-0.171,-0.747
17.437,0.099,-0.17,-0.751
17.447,0.105,-0.168,-0.766
17.457,0.091,-0.17,-0.786
17.468,0.063,-0.183,-0.795
17.478,0.027,-0.207,-0.781
17.488,-0.006,-0.233,-0.755
17.498,-0.023,-0.255,-0.735
17.508,-0.03,-0.262,-0.724
17.518,-0.03,-0.259,-0.726
17.528,-0.025,-0.249,-0.746
17.538,-0.009,-0.233,-0.781
17.548,0.008,-0.212,-0.818
17.558,0.03,-0.199,-0.853
17.569,0.054,-0.198,-0.885
17.578,0.065,-0.203,-0.912
17.589,0.061,-0.211,-0.937
17.599,0.051,-0.217,-0.97
17.609,0.046,-0.217,-1.007
17.619,0.048,-0.207,-1.047
17.629,0.052,-0.187,-1.09
17.639,0.047,-0.165,-1.142
17.649,0.025,-0.141,-1.192
17.659,0.002,-0.125,-1.242
17.669,0.007,-0.131,-1.287
17.679,0.021,-0.137,-1.313
17.689,0.025,-0.121,-1.309
17.699,0.028,-0.114,-1.292
17.709,0.035,-0.12,-1.283
17.719,0.03,-0.12,-1.287
17.73,0.017,-0.108,-1.304
17.739,0.001,-0.092,-1.325
17.75,-0.016,-0.082,-1.332
17.76,-0.023,-0.083,-1.321
17.77,-0.024,-0.091,-1.278
17.78,-0.018,-0.108,-1.204
17.79,-0.007,-0.134,-1.119
17.8,0.001,-0.165,-1.045
17.81,0.011,-0.187,-0.974
17.82,0.021,-0.205,-0.925
17.83,0.023,-0.222,-0.885
17.84,0.021,-0.236,-0.863
17.85,0.02,-0.238,-0.873
17.86,0.018,-0.228,-0.929
17.871,0.009,-0.206,-1.011
17.88,-0.003,-0.187,-1.079
17.89,-0.016,-0.182,-1.125
17.901,-0.025,-0.18,-1.149
17.911,-0.023,-0.179,-1.143
17.921,-0.015,-0.177,-1.105
17.931,-0.004,-0.176,-1.036
17.941,0.009,-0.18,-0.949
17.951,0.026,-0.187,-0.872
17.961,0.041,-0.191,-0.818
17.971,0.052,-0.185,-0.78
17.981,0.059,-0.178,-0.756
17.991,0.073,-0.17,-0.745
18.001,0.087,-0.164,-0.751
18.011,0.09,-0.157,-0.762
18.021,0.083,-0.147,-0.779
18.032,0.077,-0.139,-0.796
18.041,0.082,-0.132,-0.804
18.052,0.089,-0.126,-0.798
18.061,0.094,-0.123,-0.778
18.072,0.091,-0.128,-0.745
18.082,0.09,-0.138,-0.71
18.092,0.089,-0.151,-0.684
18.102,0.085,-0.167,-0.672
18.112,0.077,-0.182,-0.687
18.122,0.065,-0.187,-0.735
18.132,0.046,-0.177,-0.807
18.142,0.019,-0.164,-0.885
18.152,-0.004,-0.161,-0.953
18.162,-0.028,-0.162,-1.011
18.173,-0.053,-0.166,-1.046
18.182,-0.07,-0.172,-1.048
18.192,-0.074,-0.188,-1.019
18.202,-0.065,-0.205,-0.975
18.213,-0.054,-0.216,-0.927
18.223,-0.038,-0.221,-0.894
18.233,-0.014,-0.22,-0.89
18.243,0.005,-0.21,-0.912
18.253,0.023,-0.206,-0.945
18.263,0.047,-0.216,-0.972
18.273,0.062,-0.232,-0.981
18.283,0.071,-0.243,-0.989
18.293,0.08,-0.25,-1.014
18.303,0.068,-0.253,-1.046
18.313,0.04,-0.249,-1.08
18.323,0.015,-0.245,-1.106
18.334,0.007,-0.242,-1.13
18.343,0.015,-0.229,-1.14
18.354,0.036,-0.208,-1.135
18.364,0.074,-0.189,-1.131
18.374,0.113,-0.176,-1.137
18.384,0.137,-0.165,-1.156
18.394,0.144,-0.156,-1.186
18.404,0.142,-0.155,-1.212
18.414,0.128,-0.158,-1.224
18.424,0.106,-0.161,-1.224
18.434,0.081,-0.16,-1.22
18.444,0.054,-0.149,-1.223
18.454,0.038,-0.133,-1.234
18.464,0.042,-0.118,-1.261
18.474,0.056,-0.103,-1.281
18.484,0.077,-0.087,-1.287
18.495,0.094,-0.08,-1.271
18.505,0.105,-0.088,-1.229
18.515,0.107,-0.104,-1.15
18.525,0.099,-0.127,-1.049
18.535,0.09,-0.156,-0.944
18.545,0.085,-0.178,-0.851
18.555,0.079,-0.19,-0.774
18.565,0.076,-0.198,-0.713
18.575,0.08,-0.21,-0.679
18.585,0.091,-0.216,-0.656
18.595,0.099,-0.218,-0.644
18.605,0.105,-0.22,-0.646
18.615,0.106,-0.218,-0.664
18.625,0.097,-0.213,-0.689
18.635,0.078,-0.213,-0.726
18.645,0.056,-0.213,-0.769
18.656,0.042,-0.206,-0.8
18.666,0.041,-0.198,-0.821
18.676,0.053,-0.19,-0.835
18.686,0.074,-0.18,-0.84
18.696,0.091,-0.171,-0.845
18.706,0.104,-0.167,-0.85
18.716,0.117,-0.166,-0.86
18.726,0.123,-0.163,-0.877
18.736,0.119,-0.163,-0.895
18.746,0.101,-0.169,-0.912
18.756,0.072,-0.18,-0.924
18.766,0.042,-0.193,-0.936
18.776,0.021,-0.2,-0.94
18.787,0.012,-0.199,-0.931
18.796,0.018,-0.197,-0.911
18.807,0.036,-0.199,-0.893
18.817,0.056,-0.196,-0.869
18.827,0.069,-0.198,-0.846
18.837,0.076,-0.202,-0.825
18.847,0.071,-0.209,-0.802
18.857,0.062,-0.218,-0.789
18.867,0.054,-0.226,-0.795
18.877,0.051,-0.232,-0.813
18.887,0.071,-0.231,-0.839
18.897,0.107,-0.216,-0.876
18.907,0.15,-0.19,-0.924
18.917,0.176,-0.178,-0.966
18.927,0.179,-0.179,-0.99
18.937,0.163,-0.189,-0.999
18.947,0.134,-0.2,-1.004
18.958,0.077,-0.206,-1.011
18.968,0.004,-0.212,-1.029
18.978,-0.033,-0.223,-1.086
18.988,-0.026,-0.223,-1.173
18.998,-0.003,-0.192,-1.267
19.008,0.021,-0.147,-1.331
19.018,0.047,-0.128,-1.34
19.028,0.078,-0.138,-1.296
19.038,0.102,-0.162,-1.247
19.048,0.083,-0.175,-1.223
19.058,0.049,-0.167,-1.238
19.068,0.02,-0.142,-1.291
19.079,0.001,-0.113,-1.355
19.088,-0.014,-0.092,-1.392
19.099,-0.028,-0.08,-1.387
19.109,-0.037,-0.072,-1.349
19.119,-0.031,-0.077,-1.268
19.129,-0.001,-0.108,-1.159
19.139,0.034,-0.139,-1.059
19.149,0.055,-0.155,-0.959
19.159,0.073,-0.17,-0.871
19.169,0.087,-0.191,-0.812
19.179,0.096,-0.203,-0.783
19.189,0.087,-0.206,-0.802
19.199,0.053,-0.2,-0.869
19.209,0.013,-0.198,-0.948
19.219,-0.022,-0.204,-1.015
19.23,-0.045,-0.208,-1.061
19.239,-0.055,-0.202,-1.072
19.25,-0.051,-0.2,-1.052
19.26,-0.035,-0.201,-1
19.27,-0.013,-0.195,-0.92
19.28,0.011,-0.189,-0.838
19.29,0.031,-0.185,-0.773
19.3,0.043,-0.181,-0.728
19.31,0.051,-0.177,-0.701
19.32,0.058,-0.174,-0.684
19.33,0.065,-0.175,-0.674
19.34,0.076,-0.172,-0.667
19.35,0.089,-0.167,-0.667
19.36,0.105,-0.162,-0.675
19.37,0.12,-0.157,-0.696
19.381,0.115,-0.15,-0.723
19.391,0.085,-0.145,-0.751
19.401,0.049,-0.151,-0.776
19.411,0.017,-0.17,-0.791
19.421,-0.014,-0.19,-0.796
19.431,-0.037,-0.211,-0.801
19.441,-0.048,-0.224,-0.808
19.451,-0.043,-0.226,-0.82
19.461,-0.033,-0.221,-0.849
19.471,-0.023,-0.208,-0.9
19.481,-0.028,-0.196,-0.962
19.491,-0.041,-0.186,-1.024
19.501,-0.052,-0.177,-1.069
19.511,-0.055,-0.165,-1.1
19.521,-0.044,-0.156,-1.115
19.531,-0.028,-0.151,-1.108
19.542,-0.004,-0.155,-1.074
19.552,0.034,-0.17,-1.02
19.562,0.072,-0.187,-0.961
19.572,0.093,-0.202,-0.921
19.582,0.1,-0.217,-0.915
19.592,0.086,-0.227,-0.949
19.602,0.047,-0.223,-1.029
19.612,0.012,-0.209,-1.126
19.622,0.003,-0.189,-1.204
19.632,0.003,-0.173,-1.26
19.642,-0.001,-0.167,-1.28
19.652,-0.003,-0.171,-1.24
19.662,0.014,-0.188,-1.176
19.672,0.03,-0.203,-1.123
19.683,0.034,-0.202,-1.111
19.692,0.024,-0.185,-1.153
19.703,0.009,-0.154,-1.244
19.713,0.008,-0.117,-1.346
19.723,0.02,-0.082,-1.43
19.733,0.041,-0.048,-1.485
19.743,0.063,-0.023,-1.494
19.753,0.077,-0.021,-1.456
19.763,0.07,-0.043,-1.36
19.773,0.049,-0.083,-1.239
19.783,0.031,-0.126,-1.137
19.793,0.017,-0.156,-1.057
19.803,0.003,-0.177,-0.997
19.813,0.001,-0.19,-0.952
19.824,0.009,-0.199,-0.918
19.833,0.019,-0.2,-0.893
19.844,0.029,-0.198,-0.869
19.854,0.042,-0.198,-0.85
19.864,0.058,-0.198,-0.836
19.874,0.067,-0.195,-0.821
19.884,0.072,-0.196,-0.807
19.894,0.082,-0.2,-0.804
19.904,0.087,-0.2,-0.812
19.914,0.081,-0.195,-0.826
19.924,0.073,-0.194,-0.844
19.934,0.058,-0.196,-0.854
19.944,0.051,-0.197,-0.854
19.954,0.051,-0.197,-0.856
19.965,0.054,-0.192,-0.863
19.974,0.055,-0.186,-0.871
19.985,0.055,-0.183,-0.885
19.995,0.056,-0.183,-0.89
20.005,0.071,-0.182,-0.889
20.015,0.077,-0.183,-0.877
20.025,0.079,-0.183,-0.848
20.035,0.08,-0.192,-0.821
20.045,0.076,-0.202,-0.808
20.055,0.055,-0.212,-0.802
20.065,0.029,-0.221,-0.799
20.075,0.014,-0.226,-0.803
20.085,0.009,-0.229,-0.818
20.095,0.002,-0.227,-0.839
20.105,0.002,-0.22,-0.859
20.115,0.007,-0.216,-0.864
20.125,0.015,-0.22,-0.854
20.136,0.021,-0.229,-0.835
20.146,0.024,-0.234,-0.814
20.156,0.023,-0.235,-0.802
20.166,0.02,-0.237,-0.804
20.176,0.019,-0.241,-0.811
20.186,0.018,-0.238,-0.816
20.196,0.017,-0.238,-0.814
20.206,0.016,-0.24,-0.807
20.216,0.012,-0.242,-0.789
20.226,0.002,-0.246,-0.768
20.236,-0.016,-0.251,-0.75
20.246,-0.026,-0.254,-0.746
20.256,-0.033,-0.254,-0.769
20.266,-0.062,-0.253,-0.809
20.276,-0.105,-0.256,-0.857
20.287,-0.125,-0.267,-0.912
20.297,-0.112,-0.278,-0.975
20.307,-0.086,-0.275,-1.053
20.317,-0.056,-0.258,-1.138
20.327,-0.02,-0.238,-1.209
20.337,0.013,-0.222,-1.253
20.347,0.03,-0.218,-1.268
20.357,0.014,-0.219,-1.265
20.367,-0.04,-0.226,-1.254
20.377,-0.099,-0.231,-1.269
20.387,-0.152,-0.23,-1.32
20.397,-0.172,-0.204,-1.383
20.407,-0.167,-0.148,-1.433
20.417,-0.129,-0.068,-1.454
20.428,-0.056,0.003,-1.442
20.438,0.034,0.026,-1.37
20.448,0.105,0.013,-1.252
20.457,0.133,-0.017,-1.138
20.468,0.141,-0.053,-1.023
20.478,0.128,-0.09,-0.909
20.488,0.109,-0.132,-0.82
20.498,0.09,-0.184,-0.774
20.508,0.061,-0.23,-0.779
20.518,0.008,-0.247,-0.812
20.528,-0.066,-0.249,-0.879
20.538,-0.124,-0.259,-0.977
20.548,-0.148,-0.258,-1.092
20.558,-0.161,-0.219,-1.187
20.568,-0.145,-0.162,-1.247
20.578,-0.085,-0.116,-1.259
20.588,-0.01,-0.093,-1.217
20.598,0.045,-0.094,-1.148
20.609,0.058,-0.107,-1.075
20.619,0.054,-0.12,-1.008
20.629,0.051,-0.139,-0.958
20.639,0.052,-0.159,-0.933
20.649,0.054,-0.164,-0.909
20.659,0.05,-0.162,-0.882
20.669,0.043,-0.167,-0.863
20.679,0.028,-0.174,-0.846
20.689,0.002,-0.185,-0.841
20.699,-0.026,-0.194,-0.848
20.709,-0.046,-0.2,-0.859
20.719,-0.048,-0.198,-0.87
20.73,-0.037,-0.186,-0.875
20.74,-0.016,-0.169,-0.881
20.75,0.007,-0.153,-0.886
20.76,0.021,-0.138,-0.881
20.77,0.027,-0.13,-0.869
20.78,0.024,-0.134,-0.857
20.79,0.022,-0.138,-0.841
20.8,0.023,-0.141,-0.819
20.81,0.024,-0.149,-0.79
20.82,0.025,-0.163,-0.756
20.83,0.023,-0.181,-0.719
20.84,0.02,-0.198,-0.689
20.85,0.015,-0.215,-0.677
20.861,0.013,-0.224,-0.691
20.87,0.008,-0.218,-0.736
20.88,-0.006,-0.202,-0.803
20.891,-0.016,-0.188,-0.87
20.901,-0.023,-0.183,-0.92
20.911,-0.029,-0.189,-0.96
20.921,-0.034,-0.196,-0.964
20.931,-0.042,-0.21,-0.917
20.941,-0.04,-0.232,-0.843
20.951,-0.021,-0.258,-0.783
20.961,-0.006,-0.271,-0.766
20.971,-0.004,-0.264,-0.803
20.981,-0.005,-0.253,-0.884
20.991,-0.011,-0.245,-0.985
21.001,-0.014,-0.235,-1.059
21.011,-0.005,-0.234,-1.109
21.021,0.017,-0.243,-1.134
21.032,0.038,-0.253,-1.119
21.042,0.057,-0.259,-1.056
21.052,0.073,-0.267,-0.992
21.062,0.078,-0.276,-0.97
21.072,0.067,-0.272,-0.994
21.082,0.056,-0.248,-1.068
21.092,0.061,-0.216,-1.16
21.102,0.081,-0.188,-1.209
21.112,0.102,-0.179,-1.209
21.122,0.118,-0.195,-1.191
21.132,0.122,-0.208,-1.165
21.142,0.107,-0.212,-1.154
21.152,0.089,-0.21,-1.189
21.163,0.077,-0.197,-1.254
21.172,0.07,-0.175,-1.303
21.183,0.064,-0.154,-1.314
21.193,0.063,-0.146,-1.299
21.203,0.064,-0.146,-1.251
21.213,0.068,-0.145,-1.186
21.223,0.07,-0.151,-1.119
21.233,0.082,-0.164,-1.066
21.243,0.096,-0.175,-1.035
21.253,0.109,-0.18,-1.015
21.263,0.116,-0.18,-0.994
21.273,0.115,-0.183,-0.963
21.283,0.116,-0.191,-0.924
21.293,0.114,-0.203,-0.883
21.303,0.113,-0.212,-0.843
21.314,0.109,-0.22,-0.809
21.323,0.1,-0.23,-0.79
21.334,0.089,-0.239,-0.779
21.344,0.073,-0.245,-0.773
21.354,0.058,-0.249,-0.776
21.364,0.048,-0.253,-0.786
21.374,0.043,-0.252,-0.801
21.384,0.036,-0.243,-0.822
21.394,0.027,-0.235,-0.855
21.404,0.021,-0.225,-0.899
21.414,0.014,-0.215,-0.922
21.424,-0.003,-0.202,-0.911
21.434,-0.007,-0.198,-0.882
21.444,0.006,-0.205,-0.836
21.454,0.025,-0.217,-0.793
21.464,0.039,-0.218,-0.764
21.475,0.039,-0.214,-0.74
21.485,0.04,-0.212,-0.735
21.495,0.045,-0.213,-0.743
21.505,0.051,-0.208,-0.749
21.515,0.054,-0.202,-0.752
21.525,0.055,-0.204,-0.762
21.535,0.04,-0.211,-0.788
21.545,0.015,-0.216,-0.814
21.555,-0.011,-0.219,-0.839
21.565,-0.021,-0.218,-0.861
21.575,-0.012,-0.207,-0.875
21.585,0.008,-0.196,-0.876
21.596,0.036,-0.191,-0.87
21.605,0.061,-0.19,-0.861
21.616,0.082,-0.19,-0.854
21.625,0.103,-0.19,-0.856
21.636,0.108,-0.194,-0.873
21.646,0.097,-0.2,-0.906
21.656,0.08,-0.212,-0.952
21.666,0.068,-0.225,-0.991
21.676,0.057,-0.238,-1.01
21.686,0.053,-0.248,-1.013
21.696,0.05,-0.254,-1.029
21.706,0.042,-0.251,-1.078
21.716,0.028,-0.233,-1.158
21.726,0.015,-0.205,-1.258
21.736,0.005,-0.185,-1.34
21.746,-0.012,-0.175,-1.377
21.756,-0.052,-0.176,-1.355
21.767,-0.086,-0.196,-1.286
21.777,-0.097,-0.226,-1.202
21.786,-0.097,-0.241,-1.138
21.797,-0.098,-0.23,-1.12
21.807,-0.105,-0.202,-1.144
21.817,-0.096,-0.168,-1.205
21.827,-0.08,-0.142,-1.266
21.837,-0.066,-0.126,-1.291
21.847,-0.057,-0.125,-1.265
21.857,-0.054,-0.145,-1.191
21.867,-0.05,-0.181,-1.097
21.877,-0.046,-0.208,-1.01
21.887,-0.047,-0.221,-0.943
21.897,-0.045,-0.233,-0.928
21.907,-0.046,-0.232,-0.969
21.918,-0.064,-0.218,-1.033
21.927,-0.082,-0.2,-1.088
21.938,-0.084,-0.193,-1.128
21.948,-0.079,-0.197,-1.145
21.958,-0.078,-0.201,-1.127
21.968,-0.072,-0.207,-1.087
21.978,-0.054,-0.207,-1.025
21.988,-0.033,-0.201,-0.957
21.998,-0.012,-0.197,-0.894
22.008,0.004,-0.196,-0.837
22.018,0.008,-0.197,-0.789
22.028,0.008,-0.203,-0.748
22.038,0.01,-0.209,-0.727
22.048,0.007,-0.21,-0.722
22.059,0.006,-0.205,-0.73
22.068,0.01,-0.199,-0.752
22.079,0.021,-0.192,-0.779
22.089,0.033,-0.181,-0.787
22.099,0.045,-0.17,-0.767
22.109,0.047,-0.178,-0.737
22.119,0.041,-0.203,-0.713
22.129,0.029,-0.228,-0.699
22.139,0.011,-0.234,-0.703
22.149,-0.001,-0.23,-0.724
22.159,-0.012,-0.221,-0.759
22.169,-0.033,-0.208,-0.809
22.179,-0.061,-0.199,-0.869
22.189,-0.083,-0.193,-0.928
22.2,-0.106,-0.192,-0.988
22.209,-0.128,-0.188,-1.03
22.22,-0.136,-0.182,-1.036
22.23,-0.122,-0.182,-0.998
22.24,-0.086,-0.19,-0.931
22.25,-0.042,-0.199,-0.869
22.26,-0.016,-0.205,-0.833
22.27,-0.007,-0.209,-0.823
22.28,-0.013,-0.207,-0.838
22.29,-0.031,-0.202,-0.884
22.3,-0.052,-0.193,-0.952
22.31,-0.057,-0.189,-1.017
22.32,-0.055,-0.192,-1.055
22.33,-0.042,-0.201,-1.051
22.34,-0.01,-0.22,-1.014
22.35,0.035,-0.241,-0.958
22.361,0.067,-0.255,-0.91
22.37,0.078,-0.267,-0.891
22.381,0.07,-0.283,-0.912
22.391,0.038,-0.286,-0.972
22.401,-0.011,-0.261,-1.048
22.411,-0.048,-0.234,-1.12
22.421,-0.062,-0.217,-1.182
22.431,-0.046,-0.205,-1.219
22.441,0.001,-0.193,-1.192
22.451,0.064,-0.194,-1.111
22.461,0.113,-0.207,-1.035
22.471,0.134,-0.223,-0.986
22.482,0.132,-0.227,-0.972
22.491,0.114,-0.217,-1.02
22.502,0.076,-0.204,-1.13
22.512,0.028,-0.177,-1.248
22.522,-0.014,-0.149,-1.345
22.532,-0.04,-0.124,-1.411
22.542,-0.046,-0.102,-1.436
22.552,-0.036,-0.092,-1.41
22.562,-0.015,-0.106,-1.338
22.572,0.012,-0.132,-1.242
22.582,0.029,-0.147,-1.145
22.592,0.036,-0.156,-1.058
22.602,0.041,-0.172,-0.976
22.612,0.047,-0.19,-0.904
22.622,0.051,-0.207,-0.854
22.632,0.058,-0.211,-0.821
22.643,0.065,-0.204,-0.804
22.653,0.071,-0.195,-0.798
22.663,0.073,-0.195,-0.801
22.673,0.068,-0.202,-0.805
22.683,0.055,-0.211,-0.803
22.693,0.043,-0.218,-0.798
22.703,0.037,-0.223,-0.801
22.713,0.033,-0.223,-0.806
22.723,0.03,-0.219,-0.819
22.733,0.026,-0.217,-0.837
22.743,0.021,-0.216,-0.852
22.753,0.01,-0.214,-0.856
22.763,-0.005,-0.217,-0.84
22.773,-0.016,-0.223,-0.818
22.784,-0.02,-0.236,-0.797
22.793,-0.008,-0.241,-0.783
22.804,0.01,-0.235,-0.788
22.813,0.033,-0.223,-0.818
22.824,0.053,-0.203,-0.852
22.834,0.056,-0.187,-0.881
22.844,0.048,-0.179,-0.9
22.854,0.044,-0.179,-0.9
22.864,0.032,-0.19,-0.882
22.874,0.011,-0.209,-0.85
22.884,-0.003,-0.229,-0.819
22.894,0.001,-0.238,-0.809
22.904,0.021,-0.23,-0.827
22.914,0.051,-0.214,-0.874
22.924,0.081,-0.196,-0.944
22.934,0.099,-0.174,-1.024
22.944,0.094,-0.164,-1.089
22.954,0.067,-0.173,-1.123
22.965,0.041,-0.189,-1.114
22.975,0.014,-0.212,-1.085
22.985,-0.006,-0.232,-1.057
22.995,-0.011,-0.241,-1.037
23.005,-0.005,-0.239,-1.029
23.015,0.012,-0.237,-1.039
23.025,0.025,-0.235,-1.048
23.035,0.018,-0.235,-1.044
23.045,-0.005,-0.236,-1.033
23.055,-0.032,-0.235,-1.029
23.065,-0.052,-0.221,-1.045
23.075,-0.062,-0.201,-1.096
23.085,-0.07,-0.177,-1.186
23.095,-0.083,-0.146,-1.27
23.106,-0.076,-0.129,-1.329
23.116,-0.059,-0.118,-1.333
23.126,-0.031,-0.118,-1.266
23.136,0,-0.145,-1.147
23.146,0.013,-0.188,-1.027
23.156,0.019,-0.232,-0.932
23.166,0.014,-0.274,-0.872
23.176,-0.004,-0.306,-0.849
23.186,-0.021,-0.319,-0.873
23.196,-0.027,-0.304,-0.94
23.206,-0.029,-0.275,-1.026
23.216,-0.029,-0.25,-1.104
23.226,-0.031,-0.234,-1.161
23.236,-0.043,-0.224,-1.193
23.246,-0.056,-0.223,-1.196
23.256,-0.066,-0.227,-1.163
23.267,-0.064,-0.233,-1.091
23.277,-0.048,-0.24,-1.003
23.287,-0.028,-0.241,-0.921
23.297,-0.006,-0.235,-0.856
23.307,0.016,-0.224,-0.801
23.317,0.03,-0.22,-0.761
23.327,0.036,-0.223,-0.73
23.337,0.03,-0.229,-0.712
23.347,0.016,-0.234,-0.709
23.357,0.003,-0.236,-0.712
23.368,-0.008,-0.234,-0.721
23.377,-0.004,-0.226,-0.729
23.387,0.016,-0.21,-0.737
23.397,0.029,-0.191,-0.744
23.408,0.034,-0.178,-0.754
23.418,0.032,-0.175,-0.772
23.428,0.024,-0.181,-0.794
23.438,0.006,-0.191,-0.816
23.448,-0.01,-0.2,-0.827
23.458,-0.017,-0.212,-0.82
23.468,-0.018,-0.223,-0.81
23.478,-0.014,-0.226,-0.803
23.488,-0.016,-0.224,-0.808
23.498,-0.026,-0.22,-0.835
23.508,-0.035,-0.213,-0.877
23.518,-0.044,-0.203,-0.923
23.528,-0.052,-0.197,-0.964
23.538,-0.049,-0.198,-0.987
23.549,-0.041,-0.205,-0.987
23.558,-0.03,-0.215,-0.975
23.569,-0.021,-0.228,-0.95
23.579,-0.007,-0.242,-0.935
23.589,0.014,-0.249,-0.946
23.599,0.024,-0.254,-0.968
23.609,0.024,-0.258,-0.993
23.619,0.023,-0.26,-1.017
23.629,0.02,-0.262,-1.03
23.639,0.003,-0.265,-1.035
23.649,-0.013,-0.268,-1.045
23.659,-0.022,-0.27,-1.068
23.669,-0.022,-0.261,-1.092
23.679,-0.01,-0.241,-1.107
23.689,0.024,-0.223,-1.109
23.699,0.059,-0.213,-1.103
23.71,0.093,-0.207,-1.098
23.72,0.111,-0.196,-1.088
23.73,0.103,-0.192,-1.084
23.74,0.076,-0.199,-1.104
23.75,0.038,-0.212,-1.146
23.76,-0.002,-0.218,-1.197
23.77,-0.032,-0.202,-1.245
23.78,-0.052,-0.183,-1.27
23.79,-0.06,-0.174,-1.274
23.8,-0.058,-0.169,-1.254
23.81,-0.046,-0.156,-1.217
23.82,-0.024,-0.159,-1.179
23.83,-0.001,-0.174,-1.145
23.84,0.019,-0.181,-1.115
23.851,0.029,-0.184,-1.093
23.861,0.033,-0.192,-1.066
23.871,0.031,-0.205,-1.028
23.881,0.024,-0.22,-0.983
23.891,0.014,-0.233,-0.943
23.901,0.006,-0.247,-0.907
23.911,0.007,-0.255,-0.873
23.921,0.012,-0.257,-0.842
23.931,0.023,-0.254,-0.815
23.941,0.036,-0.25,-0.794
23.951,0.045,-0.243,-0.789
23.961,0.056,-0.231,-0.803
23.972,0.062,-0.213,-0.825
23.981,0.047,-0.202,-0.849
23.992,0.022,-0.2,-0.872
24.002,0.004,-0.207,-0.889
24.012,-0.01,-0.213,-0.889
24.021,-0.015,-0.217,-0.874
24.032,-0.009,-0.219,-0.853
24.042,-0.001,-0.221,-0.828
24.052,0.005,-0.221,-0.809
24.062,0.013,-0.222,-0.806
24.072,0.014,-0.217,-0.81
24.082,0.006,-0.209,-0.813
24.092,-0.008,-0.209,-0.821
24.102,-0.015,-0.213,-0.838
24.112,-0.017,-0.209,-0.856
24.122,-0.011,-0.199,-0.866
24.132,-0.004,-0.194,-0.861
24.142,0.004,-0.195,-0.854
24.153,0.019,-0.192,-0.842
24.163,0.029,-0.189,-0.823
24.173,0.036,-0.191,-0.816
24.183,0.044,-0.194,-0.83
24.193,0.044,-0.192,-0.861
24.203,0.048,-0.184,-0.901
24.213,0.067,-0.177,-0.941
24.223,0.088,-0.177,-0.971
24.233,0.103,-0.178,-0.985
24.243,0.112,-0.184,-0.988
24.253,0.114,-0.199,-0.99
24.263,0.104,-0.217,-0.992
24.273,0.077,-0.237,-0.999
24.283,0.044,-0.251,-1.015
24.294,0.005,-0.259,-1.044
24.304,-0.038,-0.256,-1.082
24.314,-0.068,-0.241,-1.121
24.324,-0.082,-0.22,-1.161
24.334,-0.07,-0.195,-1.186
24.344,-0.036,-0.17,-1.177
24.354,0.009,-0.161,-1.135
24.364,0.046,-0.172,-1.074
24.374,0.065,-0.189,-1.018
24.384,0.069,-0.206,-0.97
24.394,0.064,-0.223,-0.933
24.404,0.049,-0.235,-0.928
24.414,0.019,-0.229,-0.963
24.424,-0.022,-0.211,-1.05
24.434,-0.047,-0.185,-1.162
24.444,-0.053,-0.158,-1.263
24.455,-0.061,-0.136,-1.348
24.465,-0.053,-0.126,-1.376
24.475,-0.035,-0.136,-1.315
24.485,-0.016,-0.163,-1.182
24.495,0.001,-0.203,-1.041
24.505,0.016,-0.233,-0.917
24.515,0.033,-0.253,-0.83
24.525,0.047,-0.257,-0.799
24.535,0.053,-0.247,-0.832
24.545,0.041,-0.221,-0.918
24.555,0.015,-0.196,-1.003
24.565,-0.012,-0.189,-1.066
24.575,-0.037,-0.194,-1.099
24.585,-0.057,-0.203,-1.092
24.596,-0.071,-0.215,-1.047
24.605,-0.07,-0.225,-0.968
24.616,-0.054,-0.233,-0.888
24.626,-0.033,-0.237,-0.825
24.636,-0.018,-0.233,-0.773
24.646,0.007,-0.224,-0.746
24.656,0.039,-0.212,-0.753
24.666,0.055,-0.192,-0.783
24.676,0.055,-0.174,-0.82
24.686,0.054,-0.164,-0.846
24.696,0.054,-0.161,-0.845
24.706,0.054,-0.165,-0.823
24.716,0.06,-0.174,-0.79
24.726,0.063,-0.182,-0.755
24.737,0.059,-0.192,-0.728
24.747,0.051,-0.204,-0.72
24.757,0.034,-0.216,-0.737
24.767,0.009,-0.223,-0.779
24.777,-0.016,-0.217,-0.831
24.787,-0.039,-0.211,-0.894
24.797,-0.063,-0.207,-0.969
24.807,-0.084,-0.2,-1.026
24.817,-0.104,-0.195,-1.065
24.827,-0.107,-0.192,-1.077
24.837,-0.094,-0.194,-1.046
24.847,-0.071,-0.202,-0.982
24.857,-0.045,-0.217,-0.915
24.867,-0.021,-0.231,-0.875
24.878,-0.006,-0.238,-0.879
24.888,-0.002,-0.24,-0.912
24.898,-0.001,-0.236,-0.952
24.908,0.003,-0.229,-0.985
24.918,0.011,-0.225,-1.006
24.928,0.018,-0.23,-1.018
24.938,0.017,-0.237,-1.026
24.948,0.009,-0.242,-1.031
24.958,-0.003,-0.243,-1.035
24.968,-0.001,-0.239,-1.036
24.978,0.011,-0.235,-1.035
24.988,0.032,-0.228,-1.029
24.998,0.055,-0.225,-1.02
25.008,0.076,-0.226,-1.014
25.018,0.095,-0.23,-1.015
25.028,0.102,-0.227,-1.026
25.039,0.094,-0.222,-1.047
25.048,0.078,-0.219,-1.101
25.059,0.057,-0.208,-1.19
25.069,0.032,-0.185,-1.275
25.079,0.02,-0.154,-1.345
25.089,0.017,-0.126,-1.393
25.099,0.02,-0.105,-1.409
25.109,0.027,-0.101,-1.404
25.119,0.041,-0.112,-1.372
25.129,0.053,-0.124,-1.307
25.139,0.066,-0.138,-1.227
25.149,0.072,-0.154,-1.146
25.159,0.068,-0.17,-1.065
25.169,0.061,-0.189,-0.989
25.18,0.058,-0.208,-0.926
25.189,0.055,-0.226,-0.877
25.2,0.048,-0.236,-0.843
25.21,0.047,-0.243,-0.829
25.22,0.05,-0.244,-0.828
25.23,0.048,-0.239,-0.834
25.24,0.041,-0.232,-0.842
25.25,0.032,-0.231,-0.856
25.26,0.022,-0.236,-0.868
25.27,0.015,-0.239,-0.874
25.28,0.001,-0.246,-0.879
25.29,-0.01,-0.252,-0.878
25.3,-0.02,-0.255,-0.867
25.31,-0.027,-0.257,-0.843
25.321,-0.025,-0.258,-0.82
25.33,-0.007,-0.258,-0.804
25.341,0.013,-0.252,-0.782
25.351,0.03,-0.246,-0.771
25.361,0.05,-0.242,-0.778
25.371,0.063,-0.236,-0.791
25.381,0.059,-0.234,-0.801
25.391,0.046,-0.248,-0.804
25.401,0.035,-0.274,-0.819
25.411,0.03,-0.29,-0.844
25.421,0.017,-0.295,-0.865
25.431,0.008,-0.294,-0.872
25.441,0.008,-0.292,-0.89
25.451,0.008,-0.283,-0.934
25.462,0.009,-0.254,-0.989
25.471,0.01,-0.207,-1.048
25.482,0.012,-0.169,-1.087
25.492,0.02,-0.153,-1.097
25.502,0.028,-0.155,-1.067
25.512,0.039,-0.167,-1.004
25.522,0.04,-0.187,-0.922
25.532,0.045,-0.214,-0.865
25.542,0.065,-0.229,-0.868
25.552,0.083,-0.224,-0.917
25.562,0.093,-0.218,-0.969
25.572,0.091,-0.22,-1.012
25.582,0.076,-0.229,-1.03
25.592,0.047,-0.248,-1.032
25.602,0.008,-0.269,-1.041
25.612,-0.037,-0.276,-1.058
25.623,-0.072,-0.271,-1.071
25.632,-0.1,-0.262,-1.072
25.643,-0.132,-0.264,-1.067
25.653,-0.151,-0.27,-1.065
25.663,-0.149,-0.27,-1.073
25.673,-0.128,-0.266,-1.084
25.683,-0.095,-0.241,-1.088
25.693,-0.061,-0.202,-1.096
25.703,-0.02,-0.166,-1.109
25.713,0.023,-0.143,-1.126
25.723,0.053,-0.135,-1.13
25.733,0.071,-0.139,-1.129
25.743,0.073,-0.153,-1.124
25.753,0.059,-0.174,-1.112
25.763,0.038,-0.199,-1.104
25.773,0.017,-0.221,-1.113
25.784,-0.006,-0.228,-1.127
25.793,-0.031,-0.227,-1.132
25.804,-0.042,-0.229,-1.13
25.814,-0.036,-0.231,-1.12
25.824,-0.029,-0.228,-1.102
25.834,-0.017,-0.222,-1.086
25.844,0.006,-0.214,-1.071
25.854,0.025,-0.203,-1.052
25.864,0.028,-0.201,-1.029
25.874,0.021,-0.211,-1.002
25.884,0.004,-0.223,-0.964
25.894,-0.024,-0.243,-0.925
25.905,-0.038,-0.267,-0.887
25.914,-0.033,-0.274,-0.858
25.926,-0.02,-0.251,-0.861
25.935,-0.012,-0.226,-0.864
25.945,0.04,-0.202,-0.875
25.955,0.093,-0.216,-0.916
25.965,0.095,-0.222,-0.926
25.975,0.056,-0.214,-0.925
25.985,0.029,-0.222,-0.923
25.995,0.02,-0.24,-0.935
26.005,0.006,-0.25,-0.948
26.015,-0.016,-0.222,-0.956
26.026,-0.031,-0.186,-0.974
26.035,-0.005,-0.221,-0.987
